gen,avg p,p SD,gens=10000,neighbourhood=VN,N=900,ROC=0.5,EPR=1
0,0.4745,0.2922
1,0.4373,0.2820
2,0.3980,0.2749
3,0.3816,0.2709
4,0.3630,0.2672
5,0.3408,0.2576
6,0.3216,0.2508
7,0.3054,0.2476
8,0.2927,0.2437
9,0.2775,0.2336
10,0.2623,0.2225
11,0.2477,0.2082
12,0.2351,0.1975
13,0.2201,0.1825
14,0.2032,0.1714
15,0.1906,0.1584
16,0.1831,0.1512
17,0.1739,0.1434
18,0.1727,0.1489
19,0.1690,0.1477
20,0.1584,0.1369
21,0.1461,0.1262
22,0.1427,0.1234
23,0.1405,0.1263
24,0.1408,0.1240
25,0.1378,0.1192
26,0.1359,0.1182
27,0.1295,0.1102
28,0.1250,0.1055
29,0.1209,0.1010
30,0.1159,0.1000
31,0.1141,0.1005
32,0.1133,0.1038
33,0.1102,0.1003
34,0.1109,0.1027
35,0.1097,0.1073
36,0.1044,0.0987
37,0.1037,0.0986
38,0.0980,0.0990
39,0.0951,0.0996
40,0.0941,0.0980
41,0.0898,0.0898
42,0.0893,0.0891
43,0.0845,0.0798
44,0.0813,0.0758
45,0.0808,0.0731
46,0.0808,0.0707
47,0.0815,0.0747
48,0.0798,0.0722
49,0.0813,0.0729
50,0.0789,0.0681
51,0.0785,0.0691
52,0.0781,0.0640
53,0.0763,0.0633
54,0.0781,0.0632
55,0.0794,0.0662
56,0.0770,0.0628
57,0.0732,0.0590
58,0.0699,0.0559
59,0.0716,0.0572
60,0.0692,0.0542
61,0.0680,0.0529
62,0.0705,0.0545
63,0.0678,0.0538
64,0.0672,0.0544
65,0.0664,0.0537
66,0.0656,0.0529
67,0.0671,0.0538
68,0.0681,0.0524
69,0.0688,0.0539
70,0.0669,0.0550
71,0.0670,0.0544
72,0.0645,0.0524
73,0.0642,0.0525
74,0.0613,0.0507
75,0.0607,0.0493
76,0.0610,0.0492
77,0.0632,0.0515
78,0.0650,0.0526
79,0.0625,0.0508
80,0.0635,0.0519
81,0.0625,0.0507
82,0.0610,0.0497
83,0.0589,0.0490
84,0.0599,0.0505
85,0.0576,0.0485
86,0.0560,0.0481
87,0.0531,0.0458
88,0.0535,0.0449
89,0.0515,0.0428
90,0.0538,0.0439
91,0.0521,0.0429
92,0.0515,0.0447
93,0.0513,0.0452
94,0.0499,0.0449
95,0.0493,0.0452
96,0.0480,0.0439
97,0.0484,0.0439
98,0.0495,0.0439
99,0.0501,0.0443
100,0.0497,0.0436
101,0.0486,0.0440
102,0.0483,0.0426
103,0.0485,0.0417
104,0.0491,0.0422
105,0.0502,0.0439
106,0.0498,0.0434
107,0.0496,0.0414
108,0.0492,0.0400
109,0.0477,0.0388
110,0.0470,0.0376
111,0.0453,0.0369
112,0.0447,0.0370
113,0.0446,0.0368
114,0.0431,0.0367
115,0.0430,0.0370
116,0.0428,0.0365
117,0.0417,0.0357
118,0.0415,0.0361
119,0.0415,0.0358
120,0.0406,0.0356
121,0.0420,0.0366
122,0.0405,0.0354
123,0.0408,0.0360
124,0.0385,0.0345
125,0.0372,0.0335
126,0.0378,0.0339
127,0.0381,0.0343
128,0.0390,0.0346
129,0.0399,0.0351
130,0.0393,0.0342
131,0.0384,0.0338
132,0.0372,0.0323
133,0.0369,0.0323
134,0.0363,0.0321
135,0.0359,0.0312
136,0.0365,0.0316
137,0.0364,0.0325
138,0.0361,0.0312
139,0.0363,0.0305
140,0.0358,0.0299
141,0.0357,0.0298
142,0.0353,0.0297
143,0.0359,0.0306
144,0.0352,0.0309
145,0.0361,0.0325
146,0.0355,0.0320
147,0.0359,0.0324
148,0.0364,0.0321
149,0.0367,0.0324
150,0.0373,0.0327
151,0.0360,0.0312
152,0.0366,0.0312
153,0.0374,0.0324
154,0.0378,0.0327
155,0.0378,0.0325
156,0.0390,0.0330
157,0.0388,0.0324
158,0.0383,0.0316
159,0.0385,0.0311
160,0.0381,0.0300
161,0.0370,0.0306
162,0.0370,0.0311
163,0.0369,0.0310
164,0.0379,0.0319
165,0.0369,0.0312
166,0.0367,0.0306
167,0.0360,0.0296
168,0.0353,0.0285
169,0.0341,0.0276
170,0.0339,0.0268
171,0.0343,0.0270
172,0.0354,0.0276
173,0.0357,0.0283
174,0.0361,0.0282
175,0.0370,0.0286
176,0.0366,0.0277
177,0.0367,0.0287
178,0.0376,0.0290
179,0.0374,0.0289
180,0.0370,0.0283
181,0.0370,0.0281
182,0.0375,0.0282
183,0.0375,0.0288
184,0.0372,0.0290
185,0.0379,0.0288
186,0.0373,0.0285
187,0.0372,0.0288
188,0.0376,0.0288
189,0.0369,0.0280
190,0.0369,0.0278
191,0.0389,0.0288
192,0.0408,0.0299
193,0.0419,0.0300
194,0.0417,0.0297
195,0.0415,0.0298
196,0.0411,0.0297
197,0.0414,0.0299
198,0.0410,0.0299
199,0.0427,0.0306
200,0.0426,0.0301
201,0.0422,0.0299
202,0.0423,0.0294
203,0.0425,0.0294
204,0.0424,0.0290
205,0.0429,0.0294
206,0.0425,0.0299
207,0.0433,0.0302
208,0.0435,0.0298
209,0.0430,0.0298
210,0.0442,0.0305
211,0.0443,0.0301
212,0.0444,0.0301
213,0.0440,0.0300
214,0.0439,0.0300
215,0.0429,0.0292
216,0.0442,0.0295
217,0.0452,0.0293
218,0.0442,0.0295
219,0.0436,0.0297
220,0.0424,0.0290
221,0.0417,0.0284
222,0.0415,0.0281
223,0.0414,0.0286
224,0.0421,0.0286
225,0.0419,0.0283
226,0.0426,0.0283
227,0.0411,0.0276
228,0.0406,0.0274
229,0.0406,0.0276
230,0.0396,0.0275
231,0.0393,0.0269
232,0.0395,0.0274
233,0.0390,0.0270
234,0.0391,0.0265
235,0.0379,0.0256
236,0.0382,0.0263
237,0.0388,0.0261
238,0.0389,0.0258
239,0.0389,0.0252
240,0.0389,0.0258
241,0.0384,0.0260
242,0.0388,0.0258
243,0.0400,0.0271
244,0.0399,0.0281
245,0.0407,0.0290
246,0.0411,0.0297
247,0.0409,0.0298
248,0.0396,0.0294
249,0.0408,0.0306
250,0.0409,0.0301
251,0.0403,0.0285
252,0.0401,0.0289
253,0.0402,0.0293
254,0.0403,0.0290
255,0.0397,0.0285
256,0.0397,0.0287
257,0.0395,0.0291
258,0.0389,0.0285
259,0.0394,0.0291
260,0.0384,0.0286
261,0.0386,0.0280
262,0.0384,0.0276
263,0.0393,0.0286
264,0.0398,0.0287
265,0.0397,0.0282
266,0.0392,0.0275
267,0.0404,0.0282
268,0.0392,0.0274
269,0.0405,0.0280
270,0.0408,0.0277
271,0.0406,0.0282
272,0.0413,0.0275
273,0.0412,0.0273
274,0.0411,0.0270
275,0.0407,0.0262
276,0.0413,0.0261
277,0.0408,0.0261
278,0.0404,0.0262
279,0.0399,0.0269
280,0.0394,0.0265
281,0.0396,0.0254
282,0.0407,0.0250
283,0.0412,0.0262
284,0.0407,0.0265
285,0.0399,0.0269
286,0.0384,0.0254
287,0.0390,0.0251
288,0.0392,0.0235
289,0.0400,0.0234
290,0.0394,0.0231
291,0.0394,0.0233
292,0.0389,0.0226
293,0.0395,0.0233
294,0.0398,0.0228
295,0.0404,0.0241
296,0.0405,0.0242
297,0.0401,0.0244
298,0.0404,0.0246
299,0.0404,0.0248
300,0.0398,0.0240
301,0.0391,0.0232
302,0.0383,0.0235
303,0.0377,0.0218
304,0.0380,0.0216
305,0.0392,0.0223
306,0.0391,0.0223
307,0.0400,0.0242
308,0.0397,0.0241
309,0.0389,0.0251
310,0.0389,0.0241
311,0.0397,0.0246
312,0.0399,0.0250
313,0.0405,0.0263
314,0.0392,0.0248
315,0.0379,0.0235
316,0.0380,0.0234
317,0.0383,0.0240
318,0.0384,0.0238
319,0.0386,0.0244
320,0.0388,0.0256
321,0.0387,0.0251
322,0.0390,0.0261
323,0.0393,0.0265
324,0.0396,0.0276
325,0.0408,0.0282
326,0.0398,0.0270
327,0.0404,0.0267
328,0.0410,0.0268
329,0.0418,0.0276
330,0.0418,0.0273
331,0.0421,0.0284
332,0.0422,0.0288
333,0.0422,0.0286
334,0.0435,0.0298
335,0.0449,0.0309
336,0.0460,0.0310
337,0.0454,0.0303
338,0.0457,0.0314
339,0.0458,0.0320
340,0.0462,0.0328
341,0.0469,0.0338
342,0.0472,0.0348
343,0.0465,0.0342
344,0.0457,0.0342
345,0.0462,0.0341
346,0.0469,0.0341
347,0.0460,0.0327
348,0.0457,0.0326
349,0.0448,0.0327
350,0.0440,0.0316
351,0.0441,0.0315
352,0.0443,0.0323
353,0.0443,0.0327
354,0.0437,0.0325
355,0.0420,0.0306
356,0.0416,0.0314
357,0.0404,0.0301
358,0.0409,0.0315
359,0.0395,0.0301
360,0.0391,0.0294
361,0.0385,0.0290
362,0.0382,0.0281
363,0.0385,0.0274
364,0.0390,0.0277
365,0.0386,0.0264
366,0.0381,0.0257
367,0.0378,0.0257
368,0.0373,0.0235
369,0.0371,0.0229
370,0.0357,0.0202
371,0.0364,0.0196
372,0.0379,0.0204
373,0.0375,0.0199
374,0.0385,0.0203
375,0.0387,0.0204
376,0.0393,0.0203
377,0.0399,0.0208
378,0.0405,0.0207
379,0.0401,0.0205
380,0.0399,0.0204
381,0.0398,0.0202
382,0.0399,0.0201
383,0.0393,0.0196
384,0.0394,0.0197
385,0.0399,0.0199
386,0.0403,0.0204
387,0.0401,0.0199
388,0.0400,0.0191
389,0.0390,0.0198
390,0.0404,0.0202
391,0.0401,0.0202
392,0.0409,0.0206
393,0.0412,0.0202
394,0.0406,0.0197
395,0.0412,0.0197
396,0.0410,0.0195
397,0.0416,0.0199
398,0.0423,0.0200
399,0.0418,0.0192
400,0.0421,0.0190
401,0.0423,0.0185
402,0.0415,0.0189
403,0.0419,0.0187
404,0.0421,0.0188
405,0.0419,0.0190
406,0.0414,0.0183
407,0.0410,0.0182
408,0.0408,0.0177
409,0.0405,0.0177
410,0.0402,0.0172
411,0.0400,0.0169
412,0.0393,0.0161
413,0.0393,0.0160
414,0.0398,0.0158
415,0.0402,0.0162
416,0.0411,0.0164
417,0.0408,0.0166
418,0.0407,0.0169
419,0.0403,0.0164
420,0.0403,0.0163
421,0.0408,0.0167
422,0.0411,0.0164
423,0.0409,0.0157
424,0.0407,0.0160
425,0.0411,0.0166
426,0.0408,0.0161
427,0.0410,0.0164
428,0.0416,0.0166
429,0.0419,0.0166
430,0.0418,0.0166
431,0.0417,0.0165
432,0.0415,0.0159
433,0.0412,0.0163
434,0.0409,0.0167
435,0.0405,0.0166
436,0.0407,0.0169
437,0.0400,0.0164
438,0.0400,0.0168
439,0.0399,0.0162
440,0.0401,0.0165
441,0.0407,0.0168
442,0.0411,0.0170
443,0.0415,0.0174
444,0.0412,0.0173
445,0.0413,0.0180
446,0.0414,0.0181
447,0.0423,0.0186
448,0.0425,0.0180
449,0.0434,0.0184
450,0.0437,0.0188
451,0.0432,0.0186
452,0.0431,0.0188
453,0.0420,0.0181
454,0.0425,0.0183
455,0.0424,0.0184
456,0.0427,0.0183
457,0.0425,0.0181
458,0.0424,0.0185
459,0.0432,0.0183
460,0.0435,0.0185
461,0.0433,0.0187
462,0.0438,0.0187
463,0.0430,0.0182
464,0.0431,0.0186
465,0.0428,0.0179
466,0.0438,0.0184
467,0.0448,0.0189
468,0.0441,0.0185
469,0.0448,0.0189
470,0.0449,0.0187
471,0.0446,0.0189
472,0.0448,0.0188
473,0.0447,0.0184
474,0.0446,0.0179
475,0.0451,0.0181
476,0.0456,0.0179
477,0.0458,0.0184
478,0.0456,0.0182
479,0.0457,0.0183
480,0.0462,0.0184
481,0.0455,0.0182
482,0.0453,0.0184
483,0.0450,0.0185
484,0.0444,0.0183
485,0.0447,0.0184
486,0.0453,0.0187
487,0.0447,0.0182
488,0.0454,0.0185
489,0.0449,0.0186
490,0.0444,0.0183
491,0.0443,0.0183
492,0.0443,0.0180
493,0.0452,0.0182
494,0.0443,0.0181
495,0.0449,0.0187
496,0.0446,0.0193
497,0.0447,0.0190
498,0.0437,0.0183
499,0.0435,0.0185
500,0.0435,0.0183
501,0.0434,0.0180
502,0.0438,0.0182
503,0.0437,0.0181
504,0.0434,0.0182
505,0.0435,0.0183
506,0.0437,0.0183
507,0.0440,0.0185
508,0.0442,0.0189
509,0.0445,0.0189
510,0.0447,0.0187
511,0.0449,0.0195
512,0.0452,0.0200
513,0.0450,0.0199
514,0.0444,0.0200
515,0.0451,0.0199
516,0.0447,0.0199
517,0.0449,0.0194
518,0.0452,0.0199
519,0.0448,0.0201
520,0.0456,0.0206
521,0.0460,0.0207
522,0.0457,0.0213
523,0.0461,0.0217
524,0.0467,0.0218
525,0.0473,0.0219
526,0.0472,0.0221
527,0.0467,0.0217
528,0.0458,0.0216
529,0.0462,0.0221
530,0.0468,0.0223
531,0.0464,0.0227
532,0.0472,0.0233
533,0.0476,0.0236
534,0.0473,0.0242
535,0.0488,0.0244
536,0.0485,0.0245
537,0.0485,0.0244
538,0.0490,0.0244
539,0.0486,0.0245
540,0.0485,0.0245
541,0.0492,0.0240
542,0.0485,0.0234
543,0.0486,0.0233
544,0.0485,0.0234
545,0.0497,0.0241
546,0.0497,0.0240
547,0.0508,0.0245
548,0.0504,0.0244
549,0.0501,0.0245
550,0.0495,0.0246
551,0.0497,0.0252
552,0.0490,0.0252
553,0.0481,0.0251
554,0.0474,0.0249
555,0.0467,0.0250
556,0.0473,0.0250
557,0.0478,0.0256
558,0.0466,0.0257
559,0.0456,0.0254
560,0.0456,0.0259
561,0.0468,0.0266
562,0.0467,0.0264
563,0.0471,0.0262
564,0.0472,0.0263
565,0.0464,0.0261
566,0.0468,0.0264
567,0.0474,0.0260
568,0.0486,0.0264
569,0.0491,0.0265
570,0.0498,0.0259
571,0.0492,0.0258
572,0.0487,0.0261
573,0.0485,0.0258
574,0.0481,0.0260
575,0.0484,0.0262
576,0.0496,0.0261
577,0.0492,0.0260
578,0.0499,0.0258
579,0.0496,0.0255
580,0.0491,0.0253
581,0.0493,0.0254
582,0.0495,0.0252
583,0.0499,0.0252
584,0.0499,0.0250
585,0.0503,0.0248
586,0.0509,0.0253
587,0.0505,0.0252
588,0.0504,0.0256
589,0.0508,0.0257
590,0.0497,0.0256
591,0.0509,0.0257
592,0.0524,0.0255
593,0.0532,0.0255
594,0.0535,0.0253
595,0.0534,0.0253
596,0.0536,0.0248
597,0.0540,0.0248
598,0.0537,0.0246
599,0.0544,0.0247
600,0.0548,0.0249
601,0.0549,0.0250
602,0.0554,0.0245
603,0.0560,0.0243
604,0.0565,0.0241
605,0.0567,0.0243
606,0.0567,0.0244
607,0.0576,0.0240
608,0.0573,0.0242
609,0.0581,0.0237
610,0.0569,0.0239
611,0.0567,0.0242
612,0.0559,0.0248
613,0.0554,0.0249
614,0.0554,0.0250
615,0.0555,0.0251
616,0.0553,0.0244
617,0.0558,0.0245
618,0.0559,0.0244
619,0.0555,0.0242
620,0.0546,0.0243
621,0.0537,0.0242
622,0.0533,0.0244
623,0.0537,0.0241
624,0.0539,0.0240
625,0.0533,0.0240
626,0.0539,0.0241
627,0.0549,0.0239
628,0.0543,0.0239
629,0.0549,0.0240
630,0.0554,0.0238
631,0.0557,0.0239
632,0.0547,0.0239
633,0.0553,0.0239
634,0.0547,0.0239
635,0.0540,0.0241
636,0.0545,0.0239
637,0.0551,0.0235
638,0.0558,0.0234
639,0.0557,0.0232
640,0.0561,0.0233
641,0.0556,0.0236
642,0.0559,0.0237
643,0.0566,0.0233
644,0.0569,0.0233
645,0.0566,0.0236
646,0.0571,0.0235
647,0.0573,0.0236
648,0.0581,0.0232
649,0.0582,0.0234
650,0.0581,0.0232
651,0.0575,0.0232
652,0.0568,0.0232
653,0.0567,0.0232
654,0.0556,0.0232
655,0.0557,0.0227
656,0.0561,0.0228
657,0.0557,0.0232
658,0.0555,0.0231
659,0.0555,0.0227
660,0.0546,0.0230
661,0.0548,0.0230
662,0.0547,0.0228
663,0.0547,0.0224
664,0.0557,0.0225
665,0.0564,0.0227
666,0.0568,0.0228
667,0.0573,0.0227
668,0.0567,0.0229
669,0.0568,0.0229
670,0.0562,0.0227
671,0.0581,0.0226
672,0.0576,0.0228
673,0.0583,0.0225
674,0.0582,0.0225
675,0.0587,0.0226
676,0.0592,0.0227
677,0.0588,0.0227
678,0.0597,0.0224
679,0.0609,0.0223
680,0.0620,0.0220
681,0.0618,0.0220
682,0.0618,0.0220
683,0.0623,0.0220
684,0.0614,0.0221
685,0.0617,0.0223
686,0.0619,0.0220
687,0.0623,0.0222
688,0.0631,0.0222
689,0.0631,0.0221
690,0.0625,0.0221
691,0.0633,0.0218
692,0.0634,0.0216
693,0.0635,0.0215
694,0.0634,0.0216
695,0.0638,0.0218
696,0.0633,0.0222
697,0.0636,0.0220
698,0.0644,0.0217
699,0.0650,0.0215
700,0.0646,0.0216
701,0.0639,0.0220
702,0.0645,0.0217
703,0.0644,0.0217
704,0.0639,0.0220
705,0.0640,0.0218
706,0.0644,0.0217
707,0.0641,0.0218
708,0.0645,0.0216
709,0.0644,0.0215
710,0.0649,0.0215
711,0.0650,0.0214
712,0.0653,0.0212
713,0.0650,0.0213
714,0.0646,0.0216
715,0.0651,0.0215
716,0.0653,0.0213
717,0.0656,0.0211
718,0.0669,0.0205
719,0.0670,0.0206
720,0.0672,0.0204
721,0.0672,0.0206
722,0.0669,0.0207
723,0.0666,0.0208
724,0.0660,0.0211
725,0.0664,0.0207
726,0.0659,0.0210
727,0.0666,0.0206
728,0.0662,0.0209
729,0.0667,0.0207
730,0.0669,0.0205
731,0.0671,0.0207
732,0.0667,0.0208
733,0.0664,0.0209
734,0.0669,0.0206
735,0.0662,0.0208
736,0.0659,0.0210
737,0.0663,0.0209
738,0.0662,0.0209
739,0.0661,0.0209
740,0.0661,0.0212
741,0.0674,0.0208
742,0.0673,0.0208
743,0.0675,0.0207
744,0.0682,0.0202
745,0.0672,0.0208
746,0.0679,0.0207
747,0.0673,0.0213
748,0.0670,0.0216
749,0.0669,0.0218
750,0.0669,0.0217
751,0.0669,0.0217
752,0.0673,0.0212
753,0.0675,0.0211
754,0.0679,0.0212
755,0.0682,0.0212
756,0.0683,0.0211
757,0.0683,0.0210
758,0.0687,0.0208
759,0.0684,0.0209
760,0.0686,0.0206
761,0.0691,0.0203
762,0.0687,0.0205
763,0.0679,0.0206
764,0.0679,0.0207
765,0.0682,0.0208
766,0.0674,0.0211
767,0.0674,0.0211
768,0.0669,0.0212
769,0.0665,0.0211
770,0.0667,0.0211
771,0.0665,0.0211
772,0.0661,0.0213
773,0.0663,0.0211
774,0.0666,0.0210
775,0.0669,0.0210
776,0.0672,0.0208
777,0.0672,0.0208
778,0.0676,0.0204
779,0.0675,0.0205
780,0.0677,0.0201
781,0.0679,0.0201
782,0.0675,0.0205
783,0.0675,0.0204
784,0.0673,0.0202
785,0.0676,0.0199
786,0.0679,0.0197
787,0.0678,0.0199
788,0.0679,0.0199
789,0.0679,0.0200
790,0.0684,0.0198
791,0.0669,0.0206
792,0.0670,0.0205
793,0.0669,0.0206
794,0.0663,0.0208
795,0.0662,0.0208
796,0.0664,0.0206
797,0.0656,0.0207
798,0.0654,0.0209
799,0.0654,0.0211
800,0.0654,0.0210
801,0.0653,0.0213
802,0.0656,0.0214
803,0.0647,0.0217
804,0.0652,0.0214
805,0.0647,0.0217
806,0.0651,0.0215
807,0.0659,0.0212
808,0.0654,0.0215
809,0.0656,0.0213
810,0.0655,0.0211
811,0.0664,0.0208
812,0.0667,0.0205
813,0.0670,0.0203
814,0.0665,0.0205
815,0.0675,0.0201
816,0.0673,0.0202
817,0.0672,0.0203
818,0.0670,0.0204
819,0.0666,0.0207
820,0.0663,0.0207
821,0.0658,0.0207
822,0.0657,0.0207
823,0.0659,0.0208
824,0.0661,0.0206
825,0.0663,0.0205
826,0.0670,0.0201
827,0.0673,0.0199
828,0.0665,0.0202
829,0.0662,0.0202
830,0.0662,0.0202
831,0.0662,0.0202
832,0.0661,0.0203
833,0.0655,0.0204
834,0.0657,0.0204
835,0.0661,0.0203
836,0.0660,0.0203
837,0.0672,0.0199
838,0.0673,0.0199
839,0.0678,0.0197
840,0.0676,0.0198
841,0.0677,0.0197
842,0.0679,0.0196
843,0.0685,0.0194
844,0.0686,0.0193
845,0.0686,0.0193
846,0.0683,0.0195
847,0.0685,0.0194
848,0.0690,0.0191
849,0.0685,0.0194
850,0.0684,0.0194
851,0.0685,0.0194
852,0.0681,0.0195
853,0.0680,0.0196
854,0.0677,0.0197
855,0.0674,0.0198
856,0.0663,0.0202
857,0.0663,0.0202
858,0.0657,0.0204
859,0.0663,0.0202
860,0.0662,0.0202
861,0.0666,0.0201
862,0.0665,0.0201
863,0.0656,0.0204
864,0.0653,0.0205
865,0.0654,0.0205
866,0.0653,0.0205
867,0.0655,0.0204
868,0.0659,0.0203
869,0.0655,0.0204
870,0.0664,0.0202
871,0.0667,0.0201
872,0.0668,0.0200
873,0.0668,0.0201
874,0.0669,0.0200
875,0.0674,0.0198
876,0.0670,0.0200
877,0.0677,0.0197
878,0.0675,0.0198
879,0.0676,0.0198
880,0.0676,0.0198
881,0.0674,0.0198
882,0.0677,0.0197
883,0.0679,0.0196
884,0.0682,0.0195
885,0.0678,0.0197
886,0.0676,0.0197
887,0.0681,0.0195
888,0.0689,0.0192
889,0.0690,0.0191
890,0.0686,0.0193
891,0.0681,0.0195
892,0.0676,0.0197
893,0.0675,0.0198
894,0.0677,0.0197
895,0.0679,0.0196
896,0.0681,0.0195
897,0.0677,0.0197
898,0.0676,0.0198
899,0.0668,0.0201
900,0.0666,0.0201
901,0.0664,0.0202
902,0.0669,0.0200
903,0.0666,0.0201
904,0.0663,0.0202
905,0.0669,0.0200
906,0.0670,0.0200
907,0.0660,0.0203
908,0.0661,0.0203
909,0.0664,0.0202
910,0.0663,0.0202
911,0.0667,0.0201
912,0.0668,0.0200
913,0.0669,0.0200
914,0.0661,0.0203
915,0.0661,0.0203
916,0.0648,0.0206
917,0.0645,0.0207
918,0.0645,0.0207
919,0.0650,0.0206
920,0.0642,0.0208
921,0.0631,0.0210
922,0.0633,0.0210
923,0.0633,0.0209
924,0.0631,0.0210
925,0.0636,0.0209
926,0.0638,0.0209
927,0.0649,0.0206
928,0.0647,0.0207
929,0.0654,0.0205
930,0.0663,0.0202
931,0.0660,0.0203
932,0.0655,0.0205
933,0.0657,0.0204
934,0.0656,0.0204
935,0.0661,0.0203
936,0.0659,0.0203
937,0.0658,0.0204
938,0.0658,0.0204
939,0.0658,0.0204
940,0.0662,0.0202
941,0.0666,0.0201
942,0.0668,0.0200
943,0.0662,0.0202
944,0.0666,0.0201
945,0.0660,0.0203
946,0.0658,0.0204
947,0.0668,0.0200
948,0.0670,0.0200
949,0.0665,0.0202
950,0.0661,0.0203
951,0.0672,0.0199
952,0.0675,0.0198
953,0.0674,0.0198
954,0.0679,0.0196
955,0.0676,0.0197
956,0.0679,0.0196
957,0.0680,0.0196
958,0.0686,0.0193
959,0.0687,0.0193
960,0.0690,0.0191
961,0.0688,0.0192
962,0.0684,0.0194
963,0.0686,0.0193
964,0.0688,0.0192
965,0.0688,0.0192
966,0.0685,0.0194
967,0.0687,0.0193
968,0.0677,0.0197
969,0.0681,0.0195
970,0.0684,0.0194
971,0.0684,0.0194
972,0.0683,0.0195
973,0.0683,0.0195
974,0.0688,0.0192
975,0.0687,0.0193
976,0.0686,0.0193
977,0.0681,0.0195
978,0.0685,0.0194
979,0.0681,0.0195
980,0.0679,0.0196
981,0.0678,0.0197
982,0.0679,0.0196
983,0.0674,0.0198
984,0.0669,0.0200
985,0.0671,0.0199
986,0.0672,0.0199
987,0.0667,0.0201
988,0.0665,0.0202
989,0.0670,0.0200
990,0.0661,0.0203
991,0.0667,0.0201
992,0.0666,0.0201
993,0.0666,0.0201
994,0.0684,0.0194
995,0.0679,0.0196
996,0.0683,0.0195
997,0.0677,0.0197
998,0.0672,0.0199
999,0.0668,0.0201
1000,0.0673,0.0199
1001,0.0667,0.0201
1002,0.0665,0.0202
1003,0.0677,0.0197
1004,0.0675,0.0198
1005,0.0669,0.0200
1006,0.0669,0.0200
1007,0.0666,0.0201
1008,0.0670,0.0200
1009,0.0670,0.0200
1010,0.0674,0.0198
1011,0.0680,0.0196
1012,0.0678,0.0197
1013,0.0683,0.0195
1014,0.0691,0.0191
1015,0.0697,0.0188
1016,0.0696,0.0188
1017,0.0698,0.0187
1018,0.0703,0.0184
1019,0.0701,0.0186
1020,0.0697,0.0188
1021,0.0694,0.0189
1022,0.0702,0.0185
1023,0.0703,0.0185
1024,0.0703,0.0184
1025,0.0699,0.0186
1026,0.0700,0.0186
1027,0.0702,0.0185
1028,0.0700,0.0186
1029,0.0702,0.0185
1030,0.0696,0.0188
1031,0.0708,0.0181
1032,0.0713,0.0179
1033,0.0718,0.0175
1034,0.0715,0.0177
1035,0.0715,0.0177
1036,0.0715,0.0177
1037,0.0716,0.0176
1038,0.0717,0.0176
1039,0.0716,0.0176
1040,0.0719,0.0174
1041,0.0724,0.0170
1042,0.0718,0.0175
1043,0.0719,0.0174
1044,0.0713,0.0178
1045,0.0713,0.0179
1046,0.0719,0.0174
1047,0.0728,0.0168
1048,0.0731,0.0165
1049,0.0731,0.0165
1050,0.0730,0.0166
1051,0.0740,0.0158
1052,0.0741,0.0157
1053,0.0735,0.0162
1054,0.0740,0.0157
1055,0.0743,0.0155
1056,0.0737,0.0161
1057,0.0738,0.0160
1058,0.0736,0.0161
1059,0.0745,0.0153
1060,0.0747,0.0150
1061,0.0753,0.0145
1062,0.0756,0.0141
1063,0.0755,0.0142
1064,0.0755,0.0143
1065,0.0754,0.0144
1066,0.0755,0.0143
1067,0.0763,0.0133
1068,0.0760,0.0136
1069,0.0759,0.0138
1070,0.0756,0.0142
1071,0.0756,0.0142
1072,0.0756,0.0141
1073,0.0761,0.0135
1074,0.0758,0.0139
1075,0.0755,0.0143
1076,0.0750,0.0148
1077,0.0750,0.0148
1078,0.0753,0.0145
1079,0.0747,0.0150
1080,0.0745,0.0153
1081,0.0743,0.0155
1082,0.0746,0.0152
1083,0.0742,0.0156
1084,0.0746,0.0152
1085,0.0739,0.0159
1086,0.0743,0.0155
1087,0.0742,0.0155
1088,0.0743,0.0155
1089,0.0747,0.0150
1090,0.0747,0.0151
1091,0.0743,0.0155
1092,0.0741,0.0156
1093,0.0744,0.0154
1094,0.0748,0.0150
1095,0.0745,0.0153
1096,0.0748,0.0149
1097,0.0751,0.0147
1098,0.0751,0.0147
1099,0.0747,0.0151
1100,0.0749,0.0148
1101,0.0740,0.0158
1102,0.0743,0.0155
1103,0.0737,0.0160
1104,0.0736,0.0161
1105,0.0734,0.0163
1106,0.0736,0.0161
1107,0.0747,0.0150
1108,0.0742,0.0155
1109,0.0750,0.0148
1110,0.0750,0.0148
1111,0.0748,0.0150
1112,0.0750,0.0148
1113,0.0752,0.0146
1114,0.0745,0.0153
1115,0.0749,0.0149
1116,0.0752,0.0146
1117,0.0750,0.0148
1118,0.0748,0.0149
1119,0.0749,0.0149
1120,0.0748,0.0150
1121,0.0749,0.0149
1122,0.0746,0.0152
1123,0.0747,0.0151
1124,0.0748,0.0150
1125,0.0746,0.0152
1126,0.0746,0.0152
1127,0.0744,0.0154
1128,0.0741,0.0157
1129,0.0741,0.0156
1130,0.0739,0.0158
1131,0.0736,0.0161
1132,0.0738,0.0159
1133,0.0737,0.0161
1134,0.0734,0.0163
1135,0.0735,0.0162
1136,0.0733,0.0164
1137,0.0733,0.0163
1138,0.0733,0.0163
1139,0.0738,0.0159
1140,0.0738,0.0160
1141,0.0736,0.0161
1142,0.0734,0.0163
1143,0.0730,0.0166
1144,0.0725,0.0170
1145,0.0722,0.0172
1146,0.0725,0.0170
1147,0.0731,0.0165
1148,0.0736,0.0161
1149,0.0736,0.0161
1150,0.0736,0.0161
1151,0.0739,0.0159
1152,0.0742,0.0155
1153,0.0739,0.0159
1154,0.0742,0.0156
1155,0.0747,0.0151
1156,0.0746,0.0152
1157,0.0743,0.0155
1158,0.0743,0.0155
1159,0.0742,0.0155
1160,0.0747,0.0151
1161,0.0746,0.0152
1162,0.0743,0.0155
1163,0.0745,0.0153
1164,0.0746,0.0152
1165,0.0749,0.0148
1166,0.0747,0.0151
1167,0.0752,0.0146
1168,0.0748,0.0150
1169,0.0749,0.0149
1170,0.0750,0.0148
1171,0.0750,0.0148
1172,0.0748,0.0149
1173,0.0745,0.0153
1174,0.0751,0.0147
1175,0.0753,0.0145
1176,0.0756,0.0141
1177,0.0760,0.0137
1178,0.0762,0.0135
1179,0.0764,0.0132
1180,0.0764,0.0131
1181,0.0759,0.0138
1182,0.0755,0.0142
1183,0.0755,0.0143
1184,0.0756,0.0142
1185,0.0761,0.0136
1186,0.0759,0.0138
1187,0.0758,0.0139
1188,0.0752,0.0146
1189,0.0757,0.0140
1190,0.0753,0.0145
1191,0.0754,0.0144
1192,0.0747,0.0151
1193,0.0751,0.0147
1194,0.0753,0.0145
1195,0.0756,0.0142
1196,0.0761,0.0136
1197,0.0760,0.0136
1198,0.0757,0.0140
1199,0.0758,0.0139
1200,0.0755,0.0142
1201,0.0753,0.0145
1202,0.0754,0.0143
1203,0.0756,0.0141
1204,0.0757,0.0140
1205,0.0758,0.0139
1206,0.0761,0.0135
1207,0.0762,0.0134
1208,0.0757,0.0140
1209,0.0750,0.0148
1210,0.0747,0.0151
1211,0.0746,0.0152
1212,0.0747,0.0151
1213,0.0745,0.0153
1214,0.0743,0.0155
1215,0.0744,0.0154
1216,0.0747,0.0151
1217,0.0747,0.0151
1218,0.0749,0.0148
1219,0.0753,0.0145
1220,0.0751,0.0147
1221,0.0753,0.0145
1222,0.0751,0.0147
1223,0.0752,0.0146
1224,0.0750,0.0148
1225,0.0747,0.0151
1226,0.0752,0.0146
1227,0.0747,0.0151
1228,0.0750,0.0148
1229,0.0740,0.0157
1230,0.0746,0.0152
1231,0.0747,0.0150
1232,0.0753,0.0145
1233,0.0750,0.0148
1234,0.0755,0.0143
1235,0.0754,0.0144
1236,0.0757,0.0140
1237,0.0759,0.0138
1238,0.0757,0.0140
1239,0.0761,0.0136
1240,0.0760,0.0137
1241,0.0762,0.0135
1242,0.0764,0.0132
1243,0.0764,0.0131
1244,0.0760,0.0137
1245,0.0756,0.0141
1246,0.0752,0.0146
1247,0.0755,0.0142
1248,0.0753,0.0145
1249,0.0750,0.0148
1250,0.0753,0.0145
1251,0.0752,0.0146
1252,0.0753,0.0145
1253,0.0750,0.0148
1254,0.0754,0.0143
1255,0.0756,0.0142
1256,0.0760,0.0136
1257,0.0760,0.0137
1258,0.0763,0.0133
1259,0.0768,0.0126
1260,0.0765,0.0130
1261,0.0763,0.0133
1262,0.0762,0.0135
1263,0.0760,0.0136
1264,0.0756,0.0141
1265,0.0760,0.0137
1266,0.0760,0.0137
1267,0.0762,0.0135
1268,0.0761,0.0136
1269,0.0764,0.0132
1270,0.0764,0.0132
1271,0.0764,0.0132
1272,0.0766,0.0129
1273,0.0769,0.0125
1274,0.0758,0.0139
1275,0.0755,0.0142
1276,0.0755,0.0143
1277,0.0762,0.0135
1278,0.0761,0.0136
1279,0.0759,0.0138
1280,0.0761,0.0136
1281,0.0756,0.0141
1282,0.0756,0.0141
1283,0.0754,0.0143
1284,0.0757,0.0140
1285,0.0757,0.0140
1286,0.0751,0.0147
1287,0.0757,0.0140
1288,0.0756,0.0141
1289,0.0755,0.0143
1290,0.0756,0.0142
1291,0.0756,0.0141
1292,0.0754,0.0144
1293,0.0756,0.0142
1294,0.0753,0.0145
1295,0.0748,0.0150
1296,0.0748,0.0150
1297,0.0747,0.0151
1298,0.0749,0.0148
1299,0.0752,0.0146
1300,0.0754,0.0143
1301,0.0757,0.0140
1302,0.0753,0.0145
1303,0.0754,0.0144
1304,0.0755,0.0143
1305,0.0754,0.0144
1306,0.0756,0.0142
1307,0.0762,0.0135
1308,0.0764,0.0131
1309,0.0764,0.0132
1310,0.0765,0.0130
1311,0.0765,0.0130
1312,0.0771,0.0122
1313,0.0770,0.0124
1314,0.0770,0.0124
1315,0.0766,0.0129
1316,0.0766,0.0129
1317,0.0764,0.0132
1318,0.0762,0.0135
1319,0.0765,0.0130
1320,0.0764,0.0132
1321,0.0764,0.0131
1322,0.0764,0.0131
1323,0.0764,0.0131
1324,0.0764,0.0131
1325,0.0763,0.0133
1326,0.0757,0.0140
1327,0.0752,0.0146
1328,0.0752,0.0146
1329,0.0750,0.0148
1330,0.0751,0.0147
1331,0.0748,0.0150
1332,0.0748,0.0149
1333,0.0749,0.0149
1334,0.0753,0.0145
1335,0.0756,0.0141
1336,0.0751,0.0147
1337,0.0756,0.0141
1338,0.0763,0.0134
1339,0.0763,0.0133
1340,0.0768,0.0126
1341,0.0769,0.0126
1342,0.0768,0.0127
1343,0.0772,0.0122
1344,0.0764,0.0131
1345,0.0760,0.0137
1346,0.0764,0.0132
1347,0.0762,0.0134
1348,0.0761,0.0136
1349,0.0764,0.0132
1350,0.0761,0.0135
1351,0.0769,0.0126
1352,0.0770,0.0124
1353,0.0773,0.0120
1354,0.0776,0.0115
1355,0.0779,0.0111
1356,0.0779,0.0111
1357,0.0782,0.0104
1358,0.0781,0.0108
1359,0.0782,0.0105
1360,0.0780,0.0109
1361,0.0779,0.0110
1362,0.0784,0.0102
1363,0.0781,0.0107
1364,0.0785,0.0099
1365,0.0791,0.0087
1366,0.0791,0.0088
1367,0.0794,0.0081
1368,0.0797,0.0073
1369,0.0798,0.0071
1370,0.0801,0.0061
1371,0.0803,0.0054
1372,0.0802,0.0056
1373,0.0803,0.0054
1374,0.0803,0.0053
1375,0.0804,0.0049
1376,0.0804,0.0051
1377,0.0807,0.0037
1378,0.0805,0.0045
1379,0.0807,0.0037
1380,0.0806,0.0042
1381,0.0804,0.0049
1382,0.0804,0.0049
1383,0.0805,0.0047
1384,0.0803,0.0053
1385,0.0803,0.0053
1386,0.0805,0.0047
1387,0.0804,0.0051
1388,0.0803,0.0053
1389,0.0804,0.0051
1390,0.0805,0.0047
1391,0.0804,0.0051
1392,0.0800,0.0063
1393,0.0799,0.0067
1394,0.0797,0.0073
1395,0.0797,0.0073
1396,0.0798,0.0068
1397,0.0798,0.0068
1398,0.0800,0.0064
1399,0.0801,0.0061
1400,0.0802,0.0058
1401,0.0803,0.0053
1402,0.0804,0.0051
1403,0.0805,0.0047
1404,0.0805,0.0045
1405,0.0804,0.0049
1406,0.0805,0.0045
1407,0.0807,0.0035
1408,0.0807,0.0037
1409,0.0806,0.0040
1410,0.0806,0.0040
1411,0.0804,0.0049
1412,0.0805,0.0047
1413,0.0806,0.0042
1414,0.0805,0.0045
1415,0.0806,0.0042
1416,0.0805,0.0047
1417,0.0805,0.0047
1418,0.0805,0.0045
1419,0.0803,0.0053
1420,0.0804,0.0049
1421,0.0804,0.0049
1422,0.0803,0.0053
1423,0.0805,0.0047
1424,0.0804,0.0051
1425,0.0804,0.0049
1426,0.0804,0.0051
1427,0.0805,0.0047
1428,0.0807,0.0035
1429,0.0808,0.0028
1430,0.0808,0.0028
1431,0.0808,0.0028
1432,0.0808,0.0028
1433,0.0809,0.0020
1434,0.0808,0.0028
1435,0.0807,0.0037
1436,0.0809,0.0020
1437,0.0808,0.0028
1438,0.0808,0.0028
1439,0.0808,0.0025
1440,0.0808,0.0025
1441,0.0808,0.0028
1442,0.0809,0.0020
1443,0.0809,0.0014
1444,0.0810,0.0000
1445,0.0810,0.0000
1446,0.0810,0.0000
1447,0.0810,0.0000
1448,0.0810,0.0000
1449,0.0810,0.0000
1450,0.0810,0.0000
1451,0.0810,0.0000
1452,0.0810,0.0000
1453,0.0810,0.0000
1454,0.0810,0.0000
1455,0.0810,0.0000
1456,0.0810,0.0000
1457,0.0810,0.0000
1458,0.0810,0.0000
1459,0.0810,0.0000
1460,0.0810,0.0000
1461,0.0810,0.0000
1462,0.0810,0.0000
1463,0.0810,0.0000
1464,0.0810,0.0000
1465,0.0810,0.0000
1466,0.0810,0.0000
1467,0.0810,0.0000
1468,0.0810,0.0000
1469,0.0810,0.0000
1470,0.0810,0.0000
1471,0.0810,0.0000
1472,0.0810,0.0000
1473,0.0810,0.0000
1474,0.0810,0.0000
1475,0.0810,0.0000
1476,0.0810,0.0000
1477,0.0810,0.0000
1478,0.0810,0.0000
1479,0.0810,0.0000
1480,0.0810,0.0000
1481,0.0810,0.0000
1482,0.0810,0.0000
1483,0.0810,0.0000
1484,0.0810,0.0000
1485,0.0810,0.0000
1486,0.0810,0.0000
1487,0.0810,0.0000
1488,0.0810,0.0000
1489,0.0810,0.0000
1490,0.0810,0.0000
1491,0.0810,0.0000
1492,0.0810,0.0000
1493,0.0810,0.0000
1494,0.0810,0.0000
1495,0.0810,0.0000
1496,0.0810,0.0000
1497,0.0810,0.0000
1498,0.0810,0.0000
1499,0.0810,0.0000
1500,0.0810,0.0000
1501,0.0810,0.0000
1502,0.0810,0.0000
1503,0.0810,0.0000
1504,0.0810,0.0000
1505,0.0810,0.0000
1506,0.0810,0.0000
1507,0.0810,0.0000
1508,0.0810,0.0000
1509,0.0810,0.0000
1510,0.0810,0.0000
1511,0.0810,0.0000
1512,0.0810,0.0000
1513,0.0810,0.0000
1514,0.0810,0.0000
1515,0.0810,0.0000
1516,0.0810,0.0000
1517,0.0810,0.0000
1518,0.0810,0.0000
1519,0.0810,0.0000
1520,0.0810,0.0000
1521,0.0810,0.0000
1522,0.0810,0.0000
1523,0.0810,0.0000
1524,0.0810,0.0000
1525,0.0810,0.0000
1526,0.0810,0.0000
1527,0.0810,0.0000
1528,0.0810,0.0000
1529,0.0810,0.0000
1530,0.0810,0.0000
1531,0.0810,0.0000
1532,0.0810,0.0000
1533,0.0810,0.0000
1534,0.0810,0.0000
1535,0.0810,0.0000
1536,0.0810,0.0000
1537,0.0810,0.0000
1538,0.0810,0.0000
1539,0.0810,0.0000
1540,0.0810,0.0000
1541,0.0810,0.0000
1542,0.0810,0.0000
1543,0.0810,0.0000
1544,0.0810,0.0000
1545,0.0810,0.0000
1546,0.0810,0.0000
1547,0.0810,0.0000
1548,0.0810,0.0000
1549,0.0810,0.0000
1550,0.0810,0.0000
1551,0.0810,0.0000
1552,0.0810,0.0000
1553,0.0810,0.0000
1554,0.0810,0.0000
1555,0.0810,0.0000
1556,0.0810,0.0000
1557,0.0810,0.0000
1558,0.0810,0.0000
1559,0.0810,0.0000
1560,0.0810,0.0000
1561,0.0810,0.0000
1562,0.0810,0.0000
1563,0.0810,0.0000
1564,0.0810,0.0000
1565,0.0810,0.0000
1566,0.0810,0.0000
1567,0.0810,0.0000
1568,0.0810,0.0000
1569,0.0810,0.0000
1570,0.0810,0.0000
1571,0.0810,0.0000
1572,0.0810,0.0000
1573,0.0810,0.0000
1574,0.0810,0.0000
1575,0.0810,0.0000
1576,0.0810,0.0000
1577,0.0810,0.0000
1578,0.0810,0.0000
1579,0.0810,0.0000
1580,0.0810,0.0000
1581,0.0810,0.0000
1582,0.0810,0.0000
1583,0.0810,0.0000
1584,0.0810,0.0000
1585,0.0810,0.0000
1586,0.0810,0.0000
1587,0.0810,0.0000
1588,0.0810,0.0000
1589,0.0810,0.0000
1590,0.0810,0.0000
1591,0.0810,0.0000
1592,0.0810,0.0000
1593,0.0810,0.0000
1594,0.0810,0.0000
1595,0.0810,0.0000
1596,0.0810,0.0000
1597,0.0810,0.0000
1598,0.0810,0.0000
1599,0.0810,0.0000
1600,0.0810,0.0000
1601,0.0810,0.0000
1602,0.0810,0.0000
1603,0.0810,0.0000
1604,0.0810,0.0000
1605,0.0810,0.0000
1606,0.0810,0.0000
1607,0.0810,0.0000
1608,0.0810,0.0000
1609,0.0810,0.0000
1610,0.0810,0.0000
1611,0.0810,0.0000
1612,0.0810,0.0000
1613,0.0810,0.0000
1614,0.0810,0.0000
1615,0.0810,0.0000
1616,0.0810,0.0000
1617,0.0810,0.0000
1618,0.0810,0.0000
1619,0.0810,0.0000
1620,0.0810,0.0000
1621,0.0810,0.0000
1622,0.0810,0.0000
1623,0.0810,0.0000
1624,0.0810,0.0000
1625,0.0810,0.0000
1626,0.0810,0.0000
1627,0.0810,0.0000
1628,0.0810,0.0000
1629,0.0810,0.0000
1630,0.0810,0.0000
1631,0.0810,0.0000
1632,0.0810,0.0000
1633,0.0810,0.0000
1634,0.0810,0.0000
1635,0.0810,0.0000
1636,0.0810,0.0000
1637,0.0810,0.0000
1638,0.0810,0.0000
1639,0.0810,0.0000
1640,0.0810,0.0000
1641,0.0810,0.0000
1642,0.0810,0.0000
1643,0.0810,0.0000
1644,0.0810,0.0000
1645,0.0810,0.0000
1646,0.0810,0.0000
1647,0.0810,0.0000
1648,0.0810,0.0000
1649,0.0810,0.0000
1650,0.0810,0.0000
1651,0.0810,0.0000
1652,0.0810,0.0000
1653,0.0810,0.0000
1654,0.0810,0.0000
1655,0.0810,0.0000
1656,0.0810,0.0000
1657,0.0810,0.0000
1658,0.0810,0.0000
1659,0.0810,0.0000
1660,0.0810,0.0000
1661,0.0810,0.0000
1662,0.0810,0.0000
1663,0.0810,0.0000
1664,0.0810,0.0000
1665,0.0810,0.0000
1666,0.0810,0.0000
1667,0.0810,0.0000
1668,0.0810,0.0000
1669,0.0810,0.0000
1670,0.0810,0.0000
1671,0.0810,0.0000
1672,0.0810,0.0000
1673,0.0810,0.0000
1674,0.0810,0.0000
1675,0.0810,0.0000
1676,0.0810,0.0000
1677,0.0810,0.0000
1678,0.0810,0.0000
1679,0.0810,0.0000
1680,0.0810,0.0000
1681,0.0810,0.0000
1682,0.0810,0.0000
1683,0.0810,0.0000
1684,0.0810,0.0000
1685,0.0810,0.0000
1686,0.0810,0.0000
1687,0.0810,0.0000
1688,0.0810,0.0000
1689,0.0810,0.0000
1690,0.0810,0.0000
1691,0.0810,0.0000
1692,0.0810,0.0000
1693,0.0810,0.0000
1694,0.0810,0.0000
1695,0.0810,0.0000
1696,0.0810,0.0000
1697,0.0810,0.0000
1698,0.0810,0.0000
1699,0.0810,0.0000
1700,0.0810,0.0000
1701,0.0810,0.0000
1702,0.0810,0.0000
1703,0.0810,0.0000
1704,0.0810,0.0000
1705,0.0810,0.0000
1706,0.0810,0.0000
1707,0.0810,0.0000
1708,0.0810,0.0000
1709,0.0810,0.0000
1710,0.0810,0.0000
1711,0.0810,0.0000
1712,0.0810,0.0000
1713,0.0810,0.0000
1714,0.0810,0.0000
1715,0.0810,0.0000
1716,0.0810,0.0000
1717,0.0810,0.0000
1718,0.0810,0.0000
1719,0.0810,0.0000
1720,0.0810,0.0000
1721,0.0810,0.0000
1722,0.0810,0.0000
1723,0.0810,0.0000
1724,0.0810,0.0000
1725,0.0810,0.0000
1726,0.0810,0.0000
1727,0.0810,0.0000
1728,0.0810,0.0000
1729,0.0810,0.0000
1730,0.0810,0.0000
1731,0.0810,0.0000
1732,0.0810,0.0000
1733,0.0810,0.0000
1734,0.0810,0.0000
1735,0.0810,0.0000
1736,0.0810,0.0000
1737,0.0810,0.0000
1738,0.0810,0.0000
1739,0.0810,0.0000
1740,0.0810,0.0000
1741,0.0810,0.0000
1742,0.0810,0.0000
1743,0.0810,0.0000
1744,0.0810,0.0000
1745,0.0810,0.0000
1746,0.0810,0.0000
1747,0.0810,0.0000
1748,0.0810,0.0000
1749,0.0810,0.0000
1750,0.0810,0.0000
1751,0.0810,0.0000
1752,0.0810,0.0000
1753,0.0810,0.0000
1754,0.0810,0.0000
1755,0.0810,0.0000
1756,0.0810,0.0000
1757,0.0810,0.0000
1758,0.0810,0.0000
1759,0.0810,0.0000
1760,0.0810,0.0000
1761,0.0810,0.0000
1762,0.0810,0.0000
1763,0.0810,0.0000
1764,0.0810,0.0000
1765,0.0810,0.0000
1766,0.0810,0.0000
1767,0.0810,0.0000
1768,0.0810,0.0000
1769,0.0810,0.0000
1770,0.0810,0.0000
1771,0.0810,0.0000
1772,0.0810,0.0000
1773,0.0810,0.0000
1774,0.0810,0.0000
1775,0.0810,0.0000
1776,0.0810,0.0000
1777,0.0810,0.0000
1778,0.0810,0.0000
1779,0.0810,0.0000
1780,0.0810,0.0000
1781,0.0810,0.0000
1782,0.0810,0.0000
1783,0.0810,0.0000
1784,0.0810,0.0000
1785,0.0810,0.0000
1786,0.0810,0.0000
1787,0.0810,0.0000
1788,0.0810,0.0000
1789,0.0810,0.0000
1790,0.0810,0.0000
1791,0.0810,0.0000
1792,0.0810,0.0000
1793,0.0810,0.0000
1794,0.0810,0.0000
1795,0.0810,0.0000
1796,0.0810,0.0000
1797,0.0810,0.0000
1798,0.0810,0.0000
1799,0.0810,0.0000
1800,0.0810,0.0000
1801,0.0810,0.0000
1802,0.0810,0.0000
1803,0.0810,0.0000
1804,0.0810,0.0000
1805,0.0810,0.0000
1806,0.0810,0.0000
1807,0.0810,0.0000
1808,0.0810,0.0000
1809,0.0810,0.0000
1810,0.0810,0.0000
1811,0.0810,0.0000
1812,0.0810,0.0000
1813,0.0810,0.0000
1814,0.0810,0.0000
1815,0.0810,0.0000
1816,0.0810,0.0000
1817,0.0810,0.0000
1818,0.0810,0.0000
1819,0.0810,0.0000
1820,0.0810,0.0000
1821,0.0810,0.0000
1822,0.0810,0.0000
1823,0.0810,0.0000
1824,0.0810,0.0000
1825,0.0810,0.0000
1826,0.0810,0.0000
1827,0.0810,0.0000
1828,0.0810,0.0000
1829,0.0810,0.0000
1830,0.0810,0.0000
1831,0.0810,0.0000
1832,0.0810,0.0000
1833,0.0810,0.0000
1834,0.0810,0.0000
1835,0.0810,0.0000
1836,0.0810,0.0000
1837,0.0810,0.0000
1838,0.0810,0.0000
1839,0.0810,0.0000
1840,0.0810,0.0000
1841,0.0810,0.0000
1842,0.0810,0.0000
1843,0.0810,0.0000
1844,0.0810,0.0000
1845,0.0810,0.0000
1846,0.0810,0.0000
1847,0.0810,0.0000
1848,0.0810,0.0000
1849,0.0810,0.0000
1850,0.0810,0.0000
1851,0.0810,0.0000
1852,0.0810,0.0000
1853,0.0810,0.0000
1854,0.0810,0.0000
1855,0.0810,0.0000
1856,0.0810,0.0000
1857,0.0810,0.0000
1858,0.0810,0.0000
1859,0.0810,0.0000
1860,0.0810,0.0000
1861,0.0810,0.0000
1862,0.0810,0.0000
1863,0.0810,0.0000
1864,0.0810,0.0000
1865,0.0810,0.0000
1866,0.0810,0.0000
1867,0.0810,0.0000
1868,0.0810,0.0000
1869,0.0810,0.0000
1870,0.0810,0.0000
1871,0.0810,0.0000
1872,0.0810,0.0000
1873,0.0810,0.0000
1874,0.0810,0.0000
1875,0.0810,0.0000
1876,0.0810,0.0000
1877,0.0810,0.0000
1878,0.0810,0.0000
1879,0.0810,0.0000
1880,0.0810,0.0000
1881,0.0810,0.0000
1882,0.0810,0.0000
1883,0.0810,0.0000
1884,0.0810,0.0000
1885,0.0810,0.0000
1886,0.0810,0.0000
1887,0.0810,0.0000
1888,0.0810,0.0000
1889,0.0810,0.0000
1890,0.0810,0.0000
1891,0.0810,0.0000
1892,0.0810,0.0000
1893,0.0810,0.0000
1894,0.0810,0.0000
1895,0.0810,0.0000
1896,0.0810,0.0000
1897,0.0810,0.0000
1898,0.0810,0.0000
1899,0.0810,0.0000
1900,0.0810,0.0000
1901,0.0810,0.0000
1902,0.0810,0.0000
1903,0.0810,0.0000
1904,0.0810,0.0000
1905,0.0810,0.0000
1906,0.0810,0.0000
1907,0.0810,0.0000
1908,0.0810,0.0000
1909,0.0810,0.0000
1910,0.0810,0.0000
1911,0.0810,0.0000
1912,0.0810,0.0000
1913,0.0810,0.0000
1914,0.0810,0.0000
1915,0.0810,0.0000
1916,0.0810,0.0000
1917,0.0810,0.0000
1918,0.0810,0.0000
1919,0.0810,0.0000
1920,0.0810,0.0000
1921,0.0810,0.0000
1922,0.0810,0.0000
1923,0.0810,0.0000
1924,0.0810,0.0000
1925,0.0810,0.0000
1926,0.0810,0.0000
1927,0.0810,0.0000
1928,0.0810,0.0000
1929,0.0810,0.0000
1930,0.0810,0.0000
1931,0.0810,0.0000
1932,0.0810,0.0000
1933,0.0810,0.0000
1934,0.0810,0.0000
1935,0.0810,0.0000
1936,0.0810,0.0000
1937,0.0810,0.0000
1938,0.0810,0.0000
1939,0.0810,0.0000
1940,0.0810,0.0000
1941,0.0810,0.0000
1942,0.0810,0.0000
1943,0.0810,0.0000
1944,0.0810,0.0000
1945,0.0810,0.0000
1946,0.0810,0.0000
1947,0.0810,0.0000
1948,0.0810,0.0000
1949,0.0810,0.0000
1950,0.0810,0.0000
1951,0.0810,0.0000
1952,0.0810,0.0000
1953,0.0810,0.0000
1954,0.0810,0.0000
1955,0.0810,0.0000
1956,0.0810,0.0000
1957,0.0810,0.0000
1958,0.0810,0.0000
1959,0.0810,0.0000
1960,0.0810,0.0000
1961,0.0810,0.0000
1962,0.0810,0.0000
1963,0.0810,0.0000
1964,0.0810,0.0000
1965,0.0810,0.0000
1966,0.0810,0.0000
1967,0.0810,0.0000
1968,0.0810,0.0000
1969,0.0810,0.0000
1970,0.0810,0.0000
1971,0.0810,0.0000
1972,0.0810,0.0000
1973,0.0810,0.0000
1974,0.0810,0.0000
1975,0.0810,0.0000
1976,0.0810,0.0000
1977,0.0810,0.0000
1978,0.0810,0.0000
1979,0.0810,0.0000
1980,0.0810,0.0000
1981,0.0810,0.0000
1982,0.0810,0.0000
1983,0.0810,0.0000
1984,0.0810,0.0000
1985,0.0810,0.0000
1986,0.0810,0.0000
1987,0.0810,0.0000
1988,0.0810,0.0000
1989,0.0810,0.0000
1990,0.0810,0.0000
1991,0.0810,0.0000
1992,0.0810,0.0000
1993,0.0810,0.0000
1994,0.0810,0.0000
1995,0.0810,0.0000
1996,0.0810,0.0000
1997,0.0810,0.0000
1998,0.0810,0.0000
1999,0.0810,0.0000
2000,0.0810,0.0000
2001,0.0810,0.0000
2002,0.0810,0.0000
2003,0.0810,0.0000
2004,0.0810,0.0000
2005,0.0810,0.0000
2006,0.0810,0.0000
2007,0.0810,0.0000
2008,0.0810,0.0000
2009,0.0810,0.0000
2010,0.0810,0.0000
2011,0.0810,0.0000
2012,0.0810,0.0000
2013,0.0810,0.0000
2014,0.0810,0.0000
2015,0.0810,0.0000
2016,0.0810,0.0000
2017,0.0810,0.0000
2018,0.0810,0.0000
2019,0.0810,0.0000
2020,0.0810,0.0000
2021,0.0810,0.0000
2022,0.0810,0.0000
2023,0.0810,0.0000
2024,0.0810,0.0000
2025,0.0810,0.0000
2026,0.0810,0.0000
2027,0.0810,0.0000
2028,0.0810,0.0000
2029,0.0810,0.0000
2030,0.0810,0.0000
2031,0.0810,0.0000
2032,0.0810,0.0000
2033,0.0810,0.0000
2034,0.0810,0.0000
2035,0.0810,0.0000
2036,0.0810,0.0000
2037,0.0810,0.0000
2038,0.0810,0.0000
2039,0.0810,0.0000
2040,0.0810,0.0000
2041,0.0810,0.0000
2042,0.0810,0.0000
2043,0.0810,0.0000
2044,0.0810,0.0000
2045,0.0810,0.0000
2046,0.0810,0.0000
2047,0.0810,0.0000
2048,0.0810,0.0000
2049,0.0810,0.0000
2050,0.0810,0.0000
2051,0.0810,0.0000
2052,0.0810,0.0000
2053,0.0810,0.0000
2054,0.0810,0.0000
2055,0.0810,0.0000
2056,0.0810,0.0000
2057,0.0810,0.0000
2058,0.0810,0.0000
2059,0.0810,0.0000
2060,0.0810,0.0000
2061,0.0810,0.0000
2062,0.0810,0.0000
2063,0.0810,0.0000
2064,0.0810,0.0000
2065,0.0810,0.0000
2066,0.0810,0.0000
2067,0.0810,0.0000
2068,0.0810,0.0000
2069,0.0810,0.0000
2070,0.0810,0.0000
2071,0.0810,0.0000
2072,0.0810,0.0000
2073,0.0810,0.0000
2074,0.0810,0.0000
2075,0.0810,0.0000
2076,0.0810,0.0000
2077,0.0810,0.0000
2078,0.0810,0.0000
2079,0.0810,0.0000
2080,0.0810,0.0000
2081,0.0810,0.0000
2082,0.0810,0.0000
2083,0.0810,0.0000
2084,0.0810,0.0000
2085,0.0810,0.0000
2086,0.0810,0.0000
2087,0.0810,0.0000
2088,0.0810,0.0000
2089,0.0810,0.0000
2090,0.0810,0.0000
2091,0.0810,0.0000
2092,0.0810,0.0000
2093,0.0810,0.0000
2094,0.0810,0.0000
2095,0.0810,0.0000
2096,0.0810,0.0000
2097,0.0810,0.0000
2098,0.0810,0.0000
2099,0.0810,0.0000
2100,0.0810,0.0000
2101,0.0810,0.0000
2102,0.0810,0.0000
2103,0.0810,0.0000
2104,0.0810,0.0000
2105,0.0810,0.0000
2106,0.0810,0.0000
2107,0.0810,0.0000
2108,0.0810,0.0000
2109,0.0810,0.0000
2110,0.0810,0.0000
2111,0.0810,0.0000
2112,0.0810,0.0000
2113,0.0810,0.0000
2114,0.0810,0.0000
2115,0.0810,0.0000
2116,0.0810,0.0000
2117,0.0810,0.0000
2118,0.0810,0.0000
2119,0.0810,0.0000
2120,0.0810,0.0000
2121,0.0810,0.0000
2122,0.0810,0.0000
2123,0.0810,0.0000
2124,0.0810,0.0000
2125,0.0810,0.0000
2126,0.0810,0.0000
2127,0.0810,0.0000
2128,0.0810,0.0000
2129,0.0810,0.0000
2130,0.0810,0.0000
2131,0.0810,0.0000
2132,0.0810,0.0000
2133,0.0810,0.0000
2134,0.0810,0.0000
2135,0.0810,0.0000
2136,0.0810,0.0000
2137,0.0810,0.0000
2138,0.0810,0.0000
2139,0.0810,0.0000
2140,0.0810,0.0000
2141,0.0810,0.0000
2142,0.0810,0.0000
2143,0.0810,0.0000
2144,0.0810,0.0000
2145,0.0810,0.0000
2146,0.0810,0.0000
2147,0.0810,0.0000
2148,0.0810,0.0000
2149,0.0810,0.0000
2150,0.0810,0.0000
2151,0.0810,0.0000
2152,0.0810,0.0000
2153,0.0810,0.0000
2154,0.0810,0.0000
2155,0.0810,0.0000
2156,0.0810,0.0000
2157,0.0810,0.0000
2158,0.0810,0.0000
2159,0.0810,0.0000
2160,0.0810,0.0000
2161,0.0810,0.0000
2162,0.0810,0.0000
2163,0.0810,0.0000
2164,0.0810,0.0000
2165,0.0810,0.0000
2166,0.0810,0.0000
2167,0.0810,0.0000
2168,0.0810,0.0000
2169,0.0810,0.0000
2170,0.0810,0.0000
2171,0.0810,0.0000
2172,0.0810,0.0000
2173,0.0810,0.0000
2174,0.0810,0.0000
2175,0.0810,0.0000
2176,0.0810,0.0000
2177,0.0810,0.0000
2178,0.0810,0.0000
2179,0.0810,0.0000
2180,0.0810,0.0000
2181,0.0810,0.0000
2182,0.0810,0.0000
2183,0.0810,0.0000
2184,0.0810,0.0000
2185,0.0810,0.0000
2186,0.0810,0.0000
2187,0.0810,0.0000
2188,0.0810,0.0000
2189,0.0810,0.0000
2190,0.0810,0.0000
2191,0.0810,0.0000
2192,0.0810,0.0000
2193,0.0810,0.0000
2194,0.0810,0.0000
2195,0.0810,0.0000
2196,0.0810,0.0000
2197,0.0810,0.0000
2198,0.0810,0.0000
2199,0.0810,0.0000
2200,0.0810,0.0000
2201,0.0810,0.0000
2202,0.0810,0.0000
2203,0.0810,0.0000
2204,0.0810,0.0000
2205,0.0810,0.0000
2206,0.0810,0.0000
2207,0.0810,0.0000
2208,0.0810,0.0000
2209,0.0810,0.0000
2210,0.0810,0.0000
2211,0.0810,0.0000
2212,0.0810,0.0000
2213,0.0810,0.0000
2214,0.0810,0.0000
2215,0.0810,0.0000
2216,0.0810,0.0000
2217,0.0810,0.0000
2218,0.0810,0.0000
2219,0.0810,0.0000
2220,0.0810,0.0000
2221,0.0810,0.0000
2222,0.0810,0.0000
2223,0.0810,0.0000
2224,0.0810,0.0000
2225,0.0810,0.0000
2226,0.0810,0.0000
2227,0.0810,0.0000
2228,0.0810,0.0000
2229,0.0810,0.0000
2230,0.0810,0.0000
2231,0.0810,0.0000
2232,0.0810,0.0000
2233,0.0810,0.0000
2234,0.0810,0.0000
2235,0.0810,0.0000
2236,0.0810,0.0000
2237,0.0810,0.0000
2238,0.0810,0.0000
2239,0.0810,0.0000
2240,0.0810,0.0000
2241,0.0810,0.0000
2242,0.0810,0.0000
2243,0.0810,0.0000
2244,0.0810,0.0000
2245,0.0810,0.0000
2246,0.0810,0.0000
2247,0.0810,0.0000
2248,0.0810,0.0000
2249,0.0810,0.0000
2250,0.0810,0.0000
2251,0.0810,0.0000
2252,0.0810,0.0000
2253,0.0810,0.0000
2254,0.0810,0.0000
2255,0.0810,0.0000
2256,0.0810,0.0000
2257,0.0810,0.0000
2258,0.0810,0.0000
2259,0.0810,0.0000
2260,0.0810,0.0000
2261,0.0810,0.0000
2262,0.0810,0.0000
2263,0.0810,0.0000
2264,0.0810,0.0000
2265,0.0810,0.0000
2266,0.0810,0.0000
2267,0.0810,0.0000
2268,0.0810,0.0000
2269,0.0810,0.0000
2270,0.0810,0.0000
2271,0.0810,0.0000
2272,0.0810,0.0000
2273,0.0810,0.0000
2274,0.0810,0.0000
2275,0.0810,0.0000
2276,0.0810,0.0000
2277,0.0810,0.0000
2278,0.0810,0.0000
2279,0.0810,0.0000
2280,0.0810,0.0000
2281,0.0810,0.0000
2282,0.0810,0.0000
2283,0.0810,0.0000
2284,0.0810,0.0000
2285,0.0810,0.0000
2286,0.0810,0.0000
2287,0.0810,0.0000
2288,0.0810,0.0000
2289,0.0810,0.0000
2290,0.0810,0.0000
2291,0.0810,0.0000
2292,0.0810,0.0000
2293,0.0810,0.0000
2294,0.0810,0.0000
2295,0.0810,0.0000
2296,0.0810,0.0000
2297,0.0810,0.0000
2298,0.0810,0.0000
2299,0.0810,0.0000
2300,0.0810,0.0000
2301,0.0810,0.0000
2302,0.0810,0.0000
2303,0.0810,0.0000
2304,0.0810,0.0000
2305,0.0810,0.0000
2306,0.0810,0.0000
2307,0.0810,0.0000
2308,0.0810,0.0000
2309,0.0810,0.0000
2310,0.0810,0.0000
2311,0.0810,0.0000
2312,0.0810,0.0000
2313,0.0810,0.0000
2314,0.0810,0.0000
2315,0.0810,0.0000
2316,0.0810,0.0000
2317,0.0810,0.0000
2318,0.0810,0.0000
2319,0.0810,0.0000
2320,0.0810,0.0000
2321,0.0810,0.0000
2322,0.0810,0.0000
2323,0.0810,0.0000
2324,0.0810,0.0000
2325,0.0810,0.0000
2326,0.0810,0.0000
2327,0.0810,0.0000
2328,0.0810,0.0000
2329,0.0810,0.0000
2330,0.0810,0.0000
2331,0.0810,0.0000
2332,0.0810,0.0000
2333,0.0810,0.0000
2334,0.0810,0.0000
2335,0.0810,0.0000
2336,0.0810,0.0000
2337,0.0810,0.0000
2338,0.0810,0.0000
2339,0.0810,0.0000
2340,0.0810,0.0000
2341,0.0810,0.0000
2342,0.0810,0.0000
2343,0.0810,0.0000
2344,0.0810,0.0000
2345,0.0810,0.0000
2346,0.0810,0.0000
2347,0.0810,0.0000
2348,0.0810,0.0000
2349,0.0810,0.0000
2350,0.0810,0.0000
2351,0.0810,0.0000
2352,0.0810,0.0000
2353,0.0810,0.0000
2354,0.0810,0.0000
2355,0.0810,0.0000
2356,0.0810,0.0000
2357,0.0810,0.0000
2358,0.0810,0.0000
2359,0.0810,0.0000
2360,0.0810,0.0000
2361,0.0810,0.0000
2362,0.0810,0.0000
2363,0.0810,0.0000
2364,0.0810,0.0000
2365,0.0810,0.0000
2366,0.0810,0.0000
2367,0.0810,0.0000
2368,0.0810,0.0000
2369,0.0810,0.0000
2370,0.0810,0.0000
2371,0.0810,0.0000
2372,0.0810,0.0000
2373,0.0810,0.0000
2374,0.0810,0.0000
2375,0.0810,0.0000
2376,0.0810,0.0000
2377,0.0810,0.0000
2378,0.0810,0.0000
2379,0.0810,0.0000
2380,0.0810,0.0000
2381,0.0810,0.0000
2382,0.0810,0.0000
2383,0.0810,0.0000
2384,0.0810,0.0000
2385,0.0810,0.0000
2386,0.0810,0.0000
2387,0.0810,0.0000
2388,0.0810,0.0000
2389,0.0810,0.0000
2390,0.0810,0.0000
2391,0.0810,0.0000
2392,0.0810,0.0000
2393,0.0810,0.0000
2394,0.0810,0.0000
2395,0.0810,0.0000
2396,0.0810,0.0000
2397,0.0810,0.0000
2398,0.0810,0.0000
2399,0.0810,0.0000
2400,0.0810,0.0000
2401,0.0810,0.0000
2402,0.0810,0.0000
2403,0.0810,0.0000
2404,0.0810,0.0000
2405,0.0810,0.0000
2406,0.0810,0.0000
2407,0.0810,0.0000
2408,0.0810,0.0000
2409,0.0810,0.0000
2410,0.0810,0.0000
2411,0.0810,0.0000
2412,0.0810,0.0000
2413,0.0810,0.0000
2414,0.0810,0.0000
2415,0.0810,0.0000
2416,0.0810,0.0000
2417,0.0810,0.0000
2418,0.0810,0.0000
2419,0.0810,0.0000
2420,0.0810,0.0000
2421,0.0810,0.0000
2422,0.0810,0.0000
2423,0.0810,0.0000
2424,0.0810,0.0000
2425,0.0810,0.0000
2426,0.0810,0.0000
2427,0.0810,0.0000
2428,0.0810,0.0000
2429,0.0810,0.0000
2430,0.0810,0.0000
2431,0.0810,0.0000
2432,0.0810,0.0000
2433,0.0810,0.0000
2434,0.0810,0.0000
2435,0.0810,0.0000
2436,0.0810,0.0000
2437,0.0810,0.0000
2438,0.0810,0.0000
2439,0.0810,0.0000
2440,0.0810,0.0000
2441,0.0810,0.0000
2442,0.0810,0.0000
2443,0.0810,0.0000
2444,0.0810,0.0000
2445,0.0810,0.0000
2446,0.0810,0.0000
2447,0.0810,0.0000
2448,0.0810,0.0000
2449,0.0810,0.0000
2450,0.0810,0.0000
2451,0.0810,0.0000
2452,0.0810,0.0000
2453,0.0810,0.0000
2454,0.0810,0.0000
2455,0.0810,0.0000
2456,0.0810,0.0000
2457,0.0810,0.0000
2458,0.0810,0.0000
2459,0.0810,0.0000
2460,0.0810,0.0000
2461,0.0810,0.0000
2462,0.0810,0.0000
2463,0.0810,0.0000
2464,0.0810,0.0000
2465,0.0810,0.0000
2466,0.0810,0.0000
2467,0.0810,0.0000
2468,0.0810,0.0000
2469,0.0810,0.0000
2470,0.0810,0.0000
2471,0.0810,0.0000
2472,0.0810,0.0000
2473,0.0810,0.0000
2474,0.0810,0.0000
2475,0.0810,0.0000
2476,0.0810,0.0000
2477,0.0810,0.0000
2478,0.0810,0.0000
2479,0.0810,0.0000
2480,0.0810,0.0000
2481,0.0810,0.0000
2482,0.0810,0.0000
2483,0.0810,0.0000
2484,0.0810,0.0000
2485,0.0810,0.0000
2486,0.0810,0.0000
2487,0.0810,0.0000
2488,0.0810,0.0000
2489,0.0810,0.0000
2490,0.0810,0.0000
2491,0.0810,0.0000
2492,0.0810,0.0000
2493,0.0810,0.0000
2494,0.0810,0.0000
2495,0.0810,0.0000
2496,0.0810,0.0000
2497,0.0810,0.0000
2498,0.0810,0.0000
2499,0.0810,0.0000
2500,0.0810,0.0000
2501,0.0810,0.0000
2502,0.0810,0.0000
2503,0.0810,0.0000
2504,0.0810,0.0000
2505,0.0810,0.0000
2506,0.0810,0.0000
2507,0.0810,0.0000
2508,0.0810,0.0000
2509,0.0810,0.0000
2510,0.0810,0.0000
2511,0.0810,0.0000
2512,0.0810,0.0000
2513,0.0810,0.0000
2514,0.0810,0.0000
2515,0.0810,0.0000
2516,0.0810,0.0000
2517,0.0810,0.0000
2518,0.0810,0.0000
2519,0.0810,0.0000
2520,0.0810,0.0000
2521,0.0810,0.0000
2522,0.0810,0.0000
2523,0.0810,0.0000
2524,0.0810,0.0000
2525,0.0810,0.0000
2526,0.0810,0.0000
2527,0.0810,0.0000
2528,0.0810,0.0000
2529,0.0810,0.0000
2530,0.0810,0.0000
2531,0.0810,0.0000
2532,0.0810,0.0000
2533,0.0810,0.0000
2534,0.0810,0.0000
2535,0.0810,0.0000
2536,0.0810,0.0000
2537,0.0810,0.0000
2538,0.0810,0.0000
2539,0.0810,0.0000
2540,0.0810,0.0000
2541,0.0810,0.0000
2542,0.0810,0.0000
2543,0.0810,0.0000
2544,0.0810,0.0000
2545,0.0810,0.0000
2546,0.0810,0.0000
2547,0.0810,0.0000
2548,0.0810,0.0000
2549,0.0810,0.0000
2550,0.0810,0.0000
2551,0.0810,0.0000
2552,0.0810,0.0000
2553,0.0810,0.0000
2554,0.0810,0.0000
2555,0.0810,0.0000
2556,0.0810,0.0000
2557,0.0810,0.0000
2558,0.0810,0.0000
2559,0.0810,0.0000
2560,0.0810,0.0000
2561,0.0810,0.0000
2562,0.0810,0.0000
2563,0.0810,0.0000
2564,0.0810,0.0000
2565,0.0810,0.0000
2566,0.0810,0.0000
2567,0.0810,0.0000
2568,0.0810,0.0000
2569,0.0810,0.0000
2570,0.0810,0.0000
2571,0.0810,0.0000
2572,0.0810,0.0000
2573,0.0810,0.0000
2574,0.0810,0.0000
2575,0.0810,0.0000
2576,0.0810,0.0000
2577,0.0810,0.0000
2578,0.0810,0.0000
2579,0.0810,0.0000
2580,0.0810,0.0000
2581,0.0810,0.0000
2582,0.0810,0.0000
2583,0.0810,0.0000
2584,0.0810,0.0000
2585,0.0810,0.0000
2586,0.0810,0.0000
2587,0.0810,0.0000
2588,0.0810,0.0000
2589,0.0810,0.0000
2590,0.0810,0.0000
2591,0.0810,0.0000
2592,0.0810,0.0000
2593,0.0810,0.0000
2594,0.0810,0.0000
2595,0.0810,0.0000
2596,0.0810,0.0000
2597,0.0810,0.0000
2598,0.0810,0.0000
2599,0.0810,0.0000
2600,0.0810,0.0000
2601,0.0810,0.0000
2602,0.0810,0.0000
2603,0.0810,0.0000
2604,0.0810,0.0000
2605,0.0810,0.0000
2606,0.0810,0.0000
2607,0.0810,0.0000
2608,0.0810,0.0000
2609,0.0810,0.0000
2610,0.0810,0.0000
2611,0.0810,0.0000
2612,0.0810,0.0000
2613,0.0810,0.0000
2614,0.0810,0.0000
2615,0.0810,0.0000
2616,0.0810,0.0000
2617,0.0810,0.0000
2618,0.0810,0.0000
2619,0.0810,0.0000
2620,0.0810,0.0000
2621,0.0810,0.0000
2622,0.0810,0.0000
2623,0.0810,0.0000
2624,0.0810,0.0000
2625,0.0810,0.0000
2626,0.0810,0.0000
2627,0.0810,0.0000
2628,0.0810,0.0000
2629,0.0810,0.0000
2630,0.0810,0.0000
2631,0.0810,0.0000
2632,0.0810,0.0000
2633,0.0810,0.0000
2634,0.0810,0.0000
2635,0.0810,0.0000
2636,0.0810,0.0000
2637,0.0810,0.0000
2638,0.0810,0.0000
2639,0.0810,0.0000
2640,0.0810,0.0000
2641,0.0810,0.0000
2642,0.0810,0.0000
2643,0.0810,0.0000
2644,0.0810,0.0000
2645,0.0810,0.0000
2646,0.0810,0.0000
2647,0.0810,0.0000
2648,0.0810,0.0000
2649,0.0810,0.0000
2650,0.0810,0.0000
2651,0.0810,0.0000
2652,0.0810,0.0000
2653,0.0810,0.0000
2654,0.0810,0.0000
2655,0.0810,0.0000
2656,0.0810,0.0000
2657,0.0810,0.0000
2658,0.0810,0.0000
2659,0.0810,0.0000
2660,0.0810,0.0000
2661,0.0810,0.0000
2662,0.0810,0.0000
2663,0.0810,0.0000
2664,0.0810,0.0000
2665,0.0810,0.0000
2666,0.0810,0.0000
2667,0.0810,0.0000
2668,0.0810,0.0000
2669,0.0810,0.0000
2670,0.0810,0.0000
2671,0.0810,0.0000
2672,0.0810,0.0000
2673,0.0810,0.0000
2674,0.0810,0.0000
2675,0.0810,0.0000
2676,0.0810,0.0000
2677,0.0810,0.0000
2678,0.0810,0.0000
2679,0.0810,0.0000
2680,0.0810,0.0000
2681,0.0810,0.0000
2682,0.0810,0.0000
2683,0.0810,0.0000
2684,0.0810,0.0000
2685,0.0810,0.0000
2686,0.0810,0.0000
2687,0.0810,0.0000
2688,0.0810,0.0000
2689,0.0810,0.0000
2690,0.0810,0.0000
2691,0.0810,0.0000
2692,0.0810,0.0000
2693,0.0810,0.0000
2694,0.0810,0.0000
2695,0.0810,0.0000
2696,0.0810,0.0000
2697,0.0810,0.0000
2698,0.0810,0.0000
2699,0.0810,0.0000
2700,0.0810,0.0000
2701,0.0810,0.0000
2702,0.0810,0.0000
2703,0.0810,0.0000
2704,0.0810,0.0000
2705,0.0810,0.0000
2706,0.0810,0.0000
2707,0.0810,0.0000
2708,0.0810,0.0000
2709,0.0810,0.0000
2710,0.0810,0.0000
2711,0.0810,0.0000
2712,0.0810,0.0000
2713,0.0810,0.0000
2714,0.0810,0.0000
2715,0.0810,0.0000
2716,0.0810,0.0000
2717,0.0810,0.0000
2718,0.0810,0.0000
2719,0.0810,0.0000
2720,0.0810,0.0000
2721,0.0810,0.0000
2722,0.0810,0.0000
2723,0.0810,0.0000
2724,0.0810,0.0000
2725,0.0810,0.0000
2726,0.0810,0.0000
2727,0.0810,0.0000
2728,0.0810,0.0000
2729,0.0810,0.0000
2730,0.0810,0.0000
2731,0.0810,0.0000
2732,0.0810,0.0000
2733,0.0810,0.0000
2734,0.0810,0.0000
2735,0.0810,0.0000
2736,0.0810,0.0000
2737,0.0810,0.0000
2738,0.0810,0.0000
2739,0.0810,0.0000
2740,0.0810,0.0000
2741,0.0810,0.0000
2742,0.0810,0.0000
2743,0.0810,0.0000
2744,0.0810,0.0000
2745,0.0810,0.0000
2746,0.0810,0.0000
2747,0.0810,0.0000
2748,0.0810,0.0000
2749,0.0810,0.0000
2750,0.0810,0.0000
2751,0.0810,0.0000
2752,0.0810,0.0000
2753,0.0810,0.0000
2754,0.0810,0.0000
2755,0.0810,0.0000
2756,0.0810,0.0000
2757,0.0810,0.0000
2758,0.0810,0.0000
2759,0.0810,0.0000
2760,0.0810,0.0000
2761,0.0810,0.0000
2762,0.0810,0.0000
2763,0.0810,0.0000
2764,0.0810,0.0000
2765,0.0810,0.0000
2766,0.0810,0.0000
2767,0.0810,0.0000
2768,0.0810,0.0000
2769,0.0810,0.0000
2770,0.0810,0.0000
2771,0.0810,0.0000
2772,0.0810,0.0000
2773,0.0810,0.0000
2774,0.0810,0.0000
2775,0.0810,0.0000
2776,0.0810,0.0000
2777,0.0810,0.0000
2778,0.0810,0.0000
2779,0.0810,0.0000
2780,0.0810,0.0000
2781,0.0810,0.0000
2782,0.0810,0.0000
2783,0.0810,0.0000
2784,0.0810,0.0000
2785,0.0810,0.0000
2786,0.0810,0.0000
2787,0.0810,0.0000
2788,0.0810,0.0000
2789,0.0810,0.0000
2790,0.0810,0.0000
2791,0.0810,0.0000
2792,0.0810,0.0000
2793,0.0810,0.0000
2794,0.0810,0.0000
2795,0.0810,0.0000
2796,0.0810,0.0000
2797,0.0810,0.0000
2798,0.0810,0.0000
2799,0.0810,0.0000
2800,0.0810,0.0000
2801,0.0810,0.0000
2802,0.0810,0.0000
2803,0.0810,0.0000
2804,0.0810,0.0000
2805,0.0810,0.0000
2806,0.0810,0.0000
2807,0.0810,0.0000
2808,0.0810,0.0000
2809,0.0810,0.0000
2810,0.0810,0.0000
2811,0.0810,0.0000
2812,0.0810,0.0000
2813,0.0810,0.0000
2814,0.0810,0.0000
2815,0.0810,0.0000
2816,0.0810,0.0000
2817,0.0810,0.0000
2818,0.0810,0.0000
2819,0.0810,0.0000
2820,0.0810,0.0000
2821,0.0810,0.0000
2822,0.0810,0.0000
2823,0.0810,0.0000
2824,0.0810,0.0000
2825,0.0810,0.0000
2826,0.0810,0.0000
2827,0.0810,0.0000
2828,0.0810,0.0000
2829,0.0810,0.0000
2830,0.0810,0.0000
2831,0.0810,0.0000
2832,0.0810,0.0000
2833,0.0810,0.0000
2834,0.0810,0.0000
2835,0.0810,0.0000
2836,0.0810,0.0000
2837,0.0810,0.0000
2838,0.0810,0.0000
2839,0.0810,0.0000
2840,0.0810,0.0000
2841,0.0810,0.0000
2842,0.0810,0.0000
2843,0.0810,0.0000
2844,0.0810,0.0000
2845,0.0810,0.0000
2846,0.0810,0.0000
2847,0.0810,0.0000
2848,0.0810,0.0000
2849,0.0810,0.0000
2850,0.0810,0.0000
2851,0.0810,0.0000
2852,0.0810,0.0000
2853,0.0810,0.0000
2854,0.0810,0.0000
2855,0.0810,0.0000
2856,0.0810,0.0000
2857,0.0810,0.0000
2858,0.0810,0.0000
2859,0.0810,0.0000
2860,0.0810,0.0000
2861,0.0810,0.0000
2862,0.0810,0.0000
2863,0.0810,0.0000
2864,0.0810,0.0000
2865,0.0810,0.0000
2866,0.0810,0.0000
2867,0.0810,0.0000
2868,0.0810,0.0000
2869,0.0810,0.0000
2870,0.0810,0.0000
2871,0.0810,0.0000
2872,0.0810,0.0000
2873,0.0810,0.0000
2874,0.0810,0.0000
2875,0.0810,0.0000
2876,0.0810,0.0000
2877,0.0810,0.0000
2878,0.0810,0.0000
2879,0.0810,0.0000
2880,0.0810,0.0000
2881,0.0810,0.0000
2882,0.0810,0.0000
2883,0.0810,0.0000
2884,0.0810,0.0000
2885,0.0810,0.0000
2886,0.0810,0.0000
2887,0.0810,0.0000
2888,0.0810,0.0000
2889,0.0810,0.0000
2890,0.0810,0.0000
2891,0.0810,0.0000
2892,0.0810,0.0000
2893,0.0810,0.0000
2894,0.0810,0.0000
2895,0.0810,0.0000
2896,0.0810,0.0000
2897,0.0810,0.0000
2898,0.0810,0.0000
2899,0.0810,0.0000
2900,0.0810,0.0000
2901,0.0810,0.0000
2902,0.0810,0.0000
2903,0.0810,0.0000
2904,0.0810,0.0000
2905,0.0810,0.0000
2906,0.0810,0.0000
2907,0.0810,0.0000
2908,0.0810,0.0000
2909,0.0810,0.0000
2910,0.0810,0.0000
2911,0.0810,0.0000
2912,0.0810,0.0000
2913,0.0810,0.0000
2914,0.0810,0.0000
2915,0.0810,0.0000
2916,0.0810,0.0000
2917,0.0810,0.0000
2918,0.0810,0.0000
2919,0.0810,0.0000
2920,0.0810,0.0000
2921,0.0810,0.0000
2922,0.0810,0.0000
2923,0.0810,0.0000
2924,0.0810,0.0000
2925,0.0810,0.0000
2926,0.0810,0.0000
2927,0.0810,0.0000
2928,0.0810,0.0000
2929,0.0810,0.0000
2930,0.0810,0.0000
2931,0.0810,0.0000
2932,0.0810,0.0000
2933,0.0810,0.0000
2934,0.0810,0.0000
2935,0.0810,0.0000
2936,0.0810,0.0000
2937,0.0810,0.0000
2938,0.0810,0.0000
2939,0.0810,0.0000
2940,0.0810,0.0000
2941,0.0810,0.0000
2942,0.0810,0.0000
2943,0.0810,0.0000
2944,0.0810,0.0000
2945,0.0810,0.0000
2946,0.0810,0.0000
2947,0.0810,0.0000
2948,0.0810,0.0000
2949,0.0810,0.0000
2950,0.0810,0.0000
2951,0.0810,0.0000
2952,0.0810,0.0000
2953,0.0810,0.0000
2954,0.0810,0.0000
2955,0.0810,0.0000
2956,0.0810,0.0000
2957,0.0810,0.0000
2958,0.0810,0.0000
2959,0.0810,0.0000
2960,0.0810,0.0000
2961,0.0810,0.0000
2962,0.0810,0.0000
2963,0.0810,0.0000
2964,0.0810,0.0000
2965,0.0810,0.0000
2966,0.0810,0.0000
2967,0.0810,0.0000
2968,0.0810,0.0000
2969,0.0810,0.0000
2970,0.0810,0.0000
2971,0.0810,0.0000
2972,0.0810,0.0000
2973,0.0810,0.0000
2974,0.0810,0.0000
2975,0.0810,0.0000
2976,0.0810,0.0000
2977,0.0810,0.0000
2978,0.0810,0.0000
2979,0.0810,0.0000
2980,0.0810,0.0000
2981,0.0810,0.0000
2982,0.0810,0.0000
2983,0.0810,0.0000
2984,0.0810,0.0000
2985,0.0810,0.0000
2986,0.0810,0.0000
2987,0.0810,0.0000
2988,0.0810,0.0000
2989,0.0810,0.0000
2990,0.0810,0.0000
2991,0.0810,0.0000
2992,0.0810,0.0000
2993,0.0810,0.0000
2994,0.0810,0.0000
2995,0.0810,0.0000
2996,0.0810,0.0000
2997,0.0810,0.0000
2998,0.0810,0.0000
2999,0.0810,0.0000
3000,0.0810,0.0000
3001,0.0810,0.0000
3002,0.0810,0.0000
3003,0.0810,0.0000
3004,0.0810,0.0000
3005,0.0810,0.0000
3006,0.0810,0.0000
3007,0.0810,0.0000
3008,0.0810,0.0000
3009,0.0810,0.0000
3010,0.0810,0.0000
3011,0.0810,0.0000
3012,0.0810,0.0000
3013,0.0810,0.0000
3014,0.0810,0.0000
3015,0.0810,0.0000
3016,0.0810,0.0000
3017,0.0810,0.0000
3018,0.0810,0.0000
3019,0.0810,0.0000
3020,0.0810,0.0000
3021,0.0810,0.0000
3022,0.0810,0.0000
3023,0.0810,0.0000
3024,0.0810,0.0000
3025,0.0810,0.0000
3026,0.0810,0.0000
3027,0.0810,0.0000
3028,0.0810,0.0000
3029,0.0810,0.0000
3030,0.0810,0.0000
3031,0.0810,0.0000
3032,0.0810,0.0000
3033,0.0810,0.0000
3034,0.0810,0.0000
3035,0.0810,0.0000
3036,0.0810,0.0000
3037,0.0810,0.0000
3038,0.0810,0.0000
3039,0.0810,0.0000
3040,0.0810,0.0000
3041,0.0810,0.0000
3042,0.0810,0.0000
3043,0.0810,0.0000
3044,0.0810,0.0000
3045,0.0810,0.0000
3046,0.0810,0.0000
3047,0.0810,0.0000
3048,0.0810,0.0000
3049,0.0810,0.0000
3050,0.0810,0.0000
3051,0.0810,0.0000
3052,0.0810,0.0000
3053,0.0810,0.0000
3054,0.0810,0.0000
3055,0.0810,0.0000
3056,0.0810,0.0000
3057,0.0810,0.0000
3058,0.0810,0.0000
3059,0.0810,0.0000
3060,0.0810,0.0000
3061,0.0810,0.0000
3062,0.0810,0.0000
3063,0.0810,0.0000
3064,0.0810,0.0000
3065,0.0810,0.0000
3066,0.0810,0.0000
3067,0.0810,0.0000
3068,0.0810,0.0000
3069,0.0810,0.0000
3070,0.0810,0.0000
3071,0.0810,0.0000
3072,0.0810,0.0000
3073,0.0810,0.0000
3074,0.0810,0.0000
3075,0.0810,0.0000
3076,0.0810,0.0000
3077,0.0810,0.0000
3078,0.0810,0.0000
3079,0.0810,0.0000
3080,0.0810,0.0000
3081,0.0810,0.0000
3082,0.0810,0.0000
3083,0.0810,0.0000
3084,0.0810,0.0000
3085,0.0810,0.0000
3086,0.0810,0.0000
3087,0.0810,0.0000
3088,0.0810,0.0000
3089,0.0810,0.0000
3090,0.0810,0.0000
3091,0.0810,0.0000
3092,0.0810,0.0000
3093,0.0810,0.0000
3094,0.0810,0.0000
3095,0.0810,0.0000
3096,0.0810,0.0000
3097,0.0810,0.0000
3098,0.0810,0.0000
3099,0.0810,0.0000
3100,0.0810,0.0000
3101,0.0810,0.0000
3102,0.0810,0.0000
3103,0.0810,0.0000
3104,0.0810,0.0000
3105,0.0810,0.0000
3106,0.0810,0.0000
3107,0.0810,0.0000
3108,0.0810,0.0000
3109,0.0810,0.0000
3110,0.0810,0.0000
3111,0.0810,0.0000
3112,0.0810,0.0000
3113,0.0810,0.0000
3114,0.0810,0.0000
3115,0.0810,0.0000
3116,0.0810,0.0000
3117,0.0810,0.0000
3118,0.0810,0.0000
3119,0.0810,0.0000
3120,0.0810,0.0000
3121,0.0810,0.0000
3122,0.0810,0.0000
3123,0.0810,0.0000
3124,0.0810,0.0000
3125,0.0810,0.0000
3126,0.0810,0.0000
3127,0.0810,0.0000
3128,0.0810,0.0000
3129,0.0810,0.0000
3130,0.0810,0.0000
3131,0.0810,0.0000
3132,0.0810,0.0000
3133,0.0810,0.0000
3134,0.0810,0.0000
3135,0.0810,0.0000
3136,0.0810,0.0000
3137,0.0810,0.0000
3138,0.0810,0.0000
3139,0.0810,0.0000
3140,0.0810,0.0000
3141,0.0810,0.0000
3142,0.0810,0.0000
3143,0.0810,0.0000
3144,0.0810,0.0000
3145,0.0810,0.0000
3146,0.0810,0.0000
3147,0.0810,0.0000
3148,0.0810,0.0000
3149,0.0810,0.0000
3150,0.0810,0.0000
3151,0.0810,0.0000
3152,0.0810,0.0000
3153,0.0810,0.0000
3154,0.0810,0.0000
3155,0.0810,0.0000
3156,0.0810,0.0000
3157,0.0810,0.0000
3158,0.0810,0.0000
3159,0.0810,0.0000
3160,0.0810,0.0000
3161,0.0810,0.0000
3162,0.0810,0.0000
3163,0.0810,0.0000
3164,0.0810,0.0000
3165,0.0810,0.0000
3166,0.0810,0.0000
3167,0.0810,0.0000
3168,0.0810,0.0000
3169,0.0810,0.0000
3170,0.0810,0.0000
3171,0.0810,0.0000
3172,0.0810,0.0000
3173,0.0810,0.0000
3174,0.0810,0.0000
3175,0.0810,0.0000
3176,0.0810,0.0000
3177,0.0810,0.0000
3178,0.0810,0.0000
3179,0.0810,0.0000
3180,0.0810,0.0000
3181,0.0810,0.0000
3182,0.0810,0.0000
3183,0.0810,0.0000
3184,0.0810,0.0000
3185,0.0810,0.0000
3186,0.0810,0.0000
3187,0.0810,0.0000
3188,0.0810,0.0000
3189,0.0810,0.0000
3190,0.0810,0.0000
3191,0.0810,0.0000
3192,0.0810,0.0000
3193,0.0810,0.0000
3194,0.0810,0.0000
3195,0.0810,0.0000
3196,0.0810,0.0000
3197,0.0810,0.0000
3198,0.0810,0.0000
3199,0.0810,0.0000
3200,0.0810,0.0000
3201,0.0810,0.0000
3202,0.0810,0.0000
3203,0.0810,0.0000
3204,0.0810,0.0000
3205,0.0810,0.0000
3206,0.0810,0.0000
3207,0.0810,0.0000
3208,0.0810,0.0000
3209,0.0810,0.0000
3210,0.0810,0.0000
3211,0.0810,0.0000
3212,0.0810,0.0000
3213,0.0810,0.0000
3214,0.0810,0.0000
3215,0.0810,0.0000
3216,0.0810,0.0000
3217,0.0810,0.0000
3218,0.0810,0.0000
3219,0.0810,0.0000
3220,0.0810,0.0000
3221,0.0810,0.0000
3222,0.0810,0.0000
3223,0.0810,0.0000
3224,0.0810,0.0000
3225,0.0810,0.0000
3226,0.0810,0.0000
3227,0.0810,0.0000
3228,0.0810,0.0000
3229,0.0810,0.0000
3230,0.0810,0.0000
3231,0.0810,0.0000
3232,0.0810,0.0000
3233,0.0810,0.0000
3234,0.0810,0.0000
3235,0.0810,0.0000
3236,0.0810,0.0000
3237,0.0810,0.0000
3238,0.0810,0.0000
3239,0.0810,0.0000
3240,0.0810,0.0000
3241,0.0810,0.0000
3242,0.0810,0.0000
3243,0.0810,0.0000
3244,0.0810,0.0000
3245,0.0810,0.0000
3246,0.0810,0.0000
3247,0.0810,0.0000
3248,0.0810,0.0000
3249,0.0810,0.0000
3250,0.0810,0.0000
3251,0.0810,0.0000
3252,0.0810,0.0000
3253,0.0810,0.0000
3254,0.0810,0.0000
3255,0.0810,0.0000
3256,0.0810,0.0000
3257,0.0810,0.0000
3258,0.0810,0.0000
3259,0.0810,0.0000
3260,0.0810,0.0000
3261,0.0810,0.0000
3262,0.0810,0.0000
3263,0.0810,0.0000
3264,0.0810,0.0000
3265,0.0810,0.0000
3266,0.0810,0.0000
3267,0.0810,0.0000
3268,0.0810,0.0000
3269,0.0810,0.0000
3270,0.0810,0.0000
3271,0.0810,0.0000
3272,0.0810,0.0000
3273,0.0810,0.0000
3274,0.0810,0.0000
3275,0.0810,0.0000
3276,0.0810,0.0000
3277,0.0810,0.0000
3278,0.0810,0.0000
3279,0.0810,0.0000
3280,0.0810,0.0000
3281,0.0810,0.0000
3282,0.0810,0.0000
3283,0.0810,0.0000
3284,0.0810,0.0000
3285,0.0810,0.0000
3286,0.0810,0.0000
3287,0.0810,0.0000
3288,0.0810,0.0000
3289,0.0810,0.0000
3290,0.0810,0.0000
3291,0.0810,0.0000
3292,0.0810,0.0000
3293,0.0810,0.0000
3294,0.0810,0.0000
3295,0.0810,0.0000
3296,0.0810,0.0000
3297,0.0810,0.0000
3298,0.0810,0.0000
3299,0.0810,0.0000
3300,0.0810,0.0000
3301,0.0810,0.0000
3302,0.0810,0.0000
3303,0.0810,0.0000
3304,0.0810,0.0000
3305,0.0810,0.0000
3306,0.0810,0.0000
3307,0.0810,0.0000
3308,0.0810,0.0000
3309,0.0810,0.0000
3310,0.0810,0.0000
3311,0.0810,0.0000
3312,0.0810,0.0000
3313,0.0810,0.0000
3314,0.0810,0.0000
3315,0.0810,0.0000
3316,0.0810,0.0000
3317,0.0810,0.0000
3318,0.0810,0.0000
3319,0.0810,0.0000
3320,0.0810,0.0000
3321,0.0810,0.0000
3322,0.0810,0.0000
3323,0.0810,0.0000
3324,0.0810,0.0000
3325,0.0810,0.0000
3326,0.0810,0.0000
3327,0.0810,0.0000
3328,0.0810,0.0000
3329,0.0810,0.0000
3330,0.0810,0.0000
3331,0.0810,0.0000
3332,0.0810,0.0000
3333,0.0810,0.0000
3334,0.0810,0.0000
3335,0.0810,0.0000
3336,0.0810,0.0000
3337,0.0810,0.0000
3338,0.0810,0.0000
3339,0.0810,0.0000
3340,0.0810,0.0000
3341,0.0810,0.0000
3342,0.0810,0.0000
3343,0.0810,0.0000
3344,0.0810,0.0000
3345,0.0810,0.0000
3346,0.0810,0.0000
3347,0.0810,0.0000
3348,0.0810,0.0000
3349,0.0810,0.0000
3350,0.0810,0.0000
3351,0.0810,0.0000
3352,0.0810,0.0000
3353,0.0810,0.0000
3354,0.0810,0.0000
3355,0.0810,0.0000
3356,0.0810,0.0000
3357,0.0810,0.0000
3358,0.0810,0.0000
3359,0.0810,0.0000
3360,0.0810,0.0000
3361,0.0810,0.0000
3362,0.0810,0.0000
3363,0.0810,0.0000
3364,0.0810,0.0000
3365,0.0810,0.0000
3366,0.0810,0.0000
3367,0.0810,0.0000
3368,0.0810,0.0000
3369,0.0810,0.0000
3370,0.0810,0.0000
3371,0.0810,0.0000
3372,0.0810,0.0000
3373,0.0810,0.0000
3374,0.0810,0.0000
3375,0.0810,0.0000
3376,0.0810,0.0000
3377,0.0810,0.0000
3378,0.0810,0.0000
3379,0.0810,0.0000
3380,0.0810,0.0000
3381,0.0810,0.0000
3382,0.0810,0.0000
3383,0.0810,0.0000
3384,0.0810,0.0000
3385,0.0810,0.0000
3386,0.0810,0.0000
3387,0.0810,0.0000
3388,0.0810,0.0000
3389,0.0810,0.0000
3390,0.0810,0.0000
3391,0.0810,0.0000
3392,0.0810,0.0000
3393,0.0810,0.0000
3394,0.0810,0.0000
3395,0.0810,0.0000
3396,0.0810,0.0000
3397,0.0810,0.0000
3398,0.0810,0.0000
3399,0.0810,0.0000
3400,0.0810,0.0000
3401,0.0810,0.0000
3402,0.0810,0.0000
3403,0.0810,0.0000
3404,0.0810,0.0000
3405,0.0810,0.0000
3406,0.0810,0.0000
3407,0.0810,0.0000
3408,0.0810,0.0000
3409,0.0810,0.0000
3410,0.0810,0.0000
3411,0.0810,0.0000
3412,0.0810,0.0000
3413,0.0810,0.0000
3414,0.0810,0.0000
3415,0.0810,0.0000
3416,0.0810,0.0000
3417,0.0810,0.0000
3418,0.0810,0.0000
3419,0.0810,0.0000
3420,0.0810,0.0000
3421,0.0810,0.0000
3422,0.0810,0.0000
3423,0.0810,0.0000
3424,0.0810,0.0000
3425,0.0810,0.0000
3426,0.0810,0.0000
3427,0.0810,0.0000
3428,0.0810,0.0000
3429,0.0810,0.0000
3430,0.0810,0.0000
3431,0.0810,0.0000
3432,0.0810,0.0000
3433,0.0810,0.0000
3434,0.0810,0.0000
3435,0.0810,0.0000
3436,0.0810,0.0000
3437,0.0810,0.0000
3438,0.0810,0.0000
3439,0.0810,0.0000
3440,0.0810,0.0000
3441,0.0810,0.0000
3442,0.0810,0.0000
3443,0.0810,0.0000
3444,0.0810,0.0000
3445,0.0810,0.0000
3446,0.0810,0.0000
3447,0.0810,0.0000
3448,0.0810,0.0000
3449,0.0810,0.0000
3450,0.0810,0.0000
3451,0.0810,0.0000
3452,0.0810,0.0000
3453,0.0810,0.0000
3454,0.0810,0.0000
3455,0.0810,0.0000
3456,0.0810,0.0000
3457,0.0810,0.0000
3458,0.0810,0.0000
3459,0.0810,0.0000
3460,0.0810,0.0000
3461,0.0810,0.0000
3462,0.0810,0.0000
3463,0.0810,0.0000
3464,0.0810,0.0000
3465,0.0810,0.0000
3466,0.0810,0.0000
3467,0.0810,0.0000
3468,0.0810,0.0000
3469,0.0810,0.0000
3470,0.0810,0.0000
3471,0.0810,0.0000
3472,0.0810,0.0000
3473,0.0810,0.0000
3474,0.0810,0.0000
3475,0.0810,0.0000
3476,0.0810,0.0000
3477,0.0810,0.0000
3478,0.0810,0.0000
3479,0.0810,0.0000
3480,0.0810,0.0000
3481,0.0810,0.0000
3482,0.0810,0.0000
3483,0.0810,0.0000
3484,0.0810,0.0000
3485,0.0810,0.0000
3486,0.0810,0.0000
3487,0.0810,0.0000
3488,0.0810,0.0000
3489,0.0810,0.0000
3490,0.0810,0.0000
3491,0.0810,0.0000
3492,0.0810,0.0000
3493,0.0810,0.0000
3494,0.0810,0.0000
3495,0.0810,0.0000
3496,0.0810,0.0000
3497,0.0810,0.0000
3498,0.0810,0.0000
3499,0.0810,0.0000
3500,0.0810,0.0000
3501,0.0810,0.0000
3502,0.0810,0.0000
3503,0.0810,0.0000
3504,0.0810,0.0000
3505,0.0810,0.0000
3506,0.0810,0.0000
3507,0.0810,0.0000
3508,0.0810,0.0000
3509,0.0810,0.0000
3510,0.0810,0.0000
3511,0.0810,0.0000
3512,0.0810,0.0000
3513,0.0810,0.0000
3514,0.0810,0.0000
3515,0.0810,0.0000
3516,0.0810,0.0000
3517,0.0810,0.0000
3518,0.0810,0.0000
3519,0.0810,0.0000
3520,0.0810,0.0000
3521,0.0810,0.0000
3522,0.0810,0.0000
3523,0.0810,0.0000
3524,0.0810,0.0000
3525,0.0810,0.0000
3526,0.0810,0.0000
3527,0.0810,0.0000
3528,0.0810,0.0000
3529,0.0810,0.0000
3530,0.0810,0.0000
3531,0.0810,0.0000
3532,0.0810,0.0000
3533,0.0810,0.0000
3534,0.0810,0.0000
3535,0.0810,0.0000
3536,0.0810,0.0000
3537,0.0810,0.0000
3538,0.0810,0.0000
3539,0.0810,0.0000
3540,0.0810,0.0000
3541,0.0810,0.0000
3542,0.0810,0.0000
3543,0.0810,0.0000
3544,0.0810,0.0000
3545,0.0810,0.0000
3546,0.0810,0.0000
3547,0.0810,0.0000
3548,0.0810,0.0000
3549,0.0810,0.0000
3550,0.0810,0.0000
3551,0.0810,0.0000
3552,0.0810,0.0000
3553,0.0810,0.0000
3554,0.0810,0.0000
3555,0.0810,0.0000
3556,0.0810,0.0000
3557,0.0810,0.0000
3558,0.0810,0.0000
3559,0.0810,0.0000
3560,0.0810,0.0000
3561,0.0810,0.0000
3562,0.0810,0.0000
3563,0.0810,0.0000
3564,0.0810,0.0000
3565,0.0810,0.0000
3566,0.0810,0.0000
3567,0.0810,0.0000
3568,0.0810,0.0000
3569,0.0810,0.0000
3570,0.0810,0.0000
3571,0.0810,0.0000
3572,0.0810,0.0000
3573,0.0810,0.0000
3574,0.0810,0.0000
3575,0.0810,0.0000
3576,0.0810,0.0000
3577,0.0810,0.0000
3578,0.0810,0.0000
3579,0.0810,0.0000
3580,0.0810,0.0000
3581,0.0810,0.0000
3582,0.0810,0.0000
3583,0.0810,0.0000
3584,0.0810,0.0000
3585,0.0810,0.0000
3586,0.0810,0.0000
3587,0.0810,0.0000
3588,0.0810,0.0000
3589,0.0810,0.0000
3590,0.0810,0.0000
3591,0.0810,0.0000
3592,0.0810,0.0000
3593,0.0810,0.0000
3594,0.0810,0.0000
3595,0.0810,0.0000
3596,0.0810,0.0000
3597,0.0810,0.0000
3598,0.0810,0.0000
3599,0.0810,0.0000
3600,0.0810,0.0000
3601,0.0810,0.0000
3602,0.0810,0.0000
3603,0.0810,0.0000
3604,0.0810,0.0000
3605,0.0810,0.0000
3606,0.0810,0.0000
3607,0.0810,0.0000
3608,0.0810,0.0000
3609,0.0810,0.0000
3610,0.0810,0.0000
3611,0.0810,0.0000
3612,0.0810,0.0000
3613,0.0810,0.0000
3614,0.0810,0.0000
3615,0.0810,0.0000
3616,0.0810,0.0000
3617,0.0810,0.0000
3618,0.0810,0.0000
3619,0.0810,0.0000
3620,0.0810,0.0000
3621,0.0810,0.0000
3622,0.0810,0.0000
3623,0.0810,0.0000
3624,0.0810,0.0000
3625,0.0810,0.0000
3626,0.0810,0.0000
3627,0.0810,0.0000
3628,0.0810,0.0000
3629,0.0810,0.0000
3630,0.0810,0.0000
3631,0.0810,0.0000
3632,0.0810,0.0000
3633,0.0810,0.0000
3634,0.0810,0.0000
3635,0.0810,0.0000
3636,0.0810,0.0000
3637,0.0810,0.0000
3638,0.0810,0.0000
3639,0.0810,0.0000
3640,0.0810,0.0000
3641,0.0810,0.0000
3642,0.0810,0.0000
3643,0.0810,0.0000
3644,0.0810,0.0000
3645,0.0810,0.0000
3646,0.0810,0.0000
3647,0.0810,0.0000
3648,0.0810,0.0000
3649,0.0810,0.0000
3650,0.0810,0.0000
3651,0.0810,0.0000
3652,0.0810,0.0000
3653,0.0810,0.0000
3654,0.0810,0.0000
3655,0.0810,0.0000
3656,0.0810,0.0000
3657,0.0810,0.0000
3658,0.0810,0.0000
3659,0.0810,0.0000
3660,0.0810,0.0000
3661,0.0810,0.0000
3662,0.0810,0.0000
3663,0.0810,0.0000
3664,0.0810,0.0000
3665,0.0810,0.0000
3666,0.0810,0.0000
3667,0.0810,0.0000
3668,0.0810,0.0000
3669,0.0810,0.0000
3670,0.0810,0.0000
3671,0.0810,0.0000
3672,0.0810,0.0000
3673,0.0810,0.0000
3674,0.0810,0.0000
3675,0.0810,0.0000
3676,0.0810,0.0000
3677,0.0810,0.0000
3678,0.0810,0.0000
3679,0.0810,0.0000
3680,0.0810,0.0000
3681,0.0810,0.0000
3682,0.0810,0.0000
3683,0.0810,0.0000
3684,0.0810,0.0000
3685,0.0810,0.0000
3686,0.0810,0.0000
3687,0.0810,0.0000
3688,0.0810,0.0000
3689,0.0810,0.0000
3690,0.0810,0.0000
3691,0.0810,0.0000
3692,0.0810,0.0000
3693,0.0810,0.0000
3694,0.0810,0.0000
3695,0.0810,0.0000
3696,0.0810,0.0000
3697,0.0810,0.0000
3698,0.0810,0.0000
3699,0.0810,0.0000
3700,0.0810,0.0000
3701,0.0810,0.0000
3702,0.0810,0.0000
3703,0.0810,0.0000
3704,0.0810,0.0000
3705,0.0810,0.0000
3706,0.0810,0.0000
3707,0.0810,0.0000
3708,0.0810,0.0000
3709,0.0810,0.0000
3710,0.0810,0.0000
3711,0.0810,0.0000
3712,0.0810,0.0000
3713,0.0810,0.0000
3714,0.0810,0.0000
3715,0.0810,0.0000
3716,0.0810,0.0000
3717,0.0810,0.0000
3718,0.0810,0.0000
3719,0.0810,0.0000
3720,0.0810,0.0000
3721,0.0810,0.0000
3722,0.0810,0.0000
3723,0.0810,0.0000
3724,0.0810,0.0000
3725,0.0810,0.0000
3726,0.0810,0.0000
3727,0.0810,0.0000
3728,0.0810,0.0000
3729,0.0810,0.0000
3730,0.0810,0.0000
3731,0.0810,0.0000
3732,0.0810,0.0000
3733,0.0810,0.0000
3734,0.0810,0.0000
3735,0.0810,0.0000
3736,0.0810,0.0000
3737,0.0810,0.0000
3738,0.0810,0.0000
3739,0.0810,0.0000
3740,0.0810,0.0000
3741,0.0810,0.0000
3742,0.0810,0.0000
3743,0.0810,0.0000
3744,0.0810,0.0000
3745,0.0810,0.0000
3746,0.0810,0.0000
3747,0.0810,0.0000
3748,0.0810,0.0000
3749,0.0810,0.0000
3750,0.0810,0.0000
3751,0.0810,0.0000
3752,0.0810,0.0000
3753,0.0810,0.0000
3754,0.0810,0.0000
3755,0.0810,0.0000
3756,0.0810,0.0000
3757,0.0810,0.0000
3758,0.0810,0.0000
3759,0.0810,0.0000
3760,0.0810,0.0000
3761,0.0810,0.0000
3762,0.0810,0.0000
3763,0.0810,0.0000
3764,0.0810,0.0000
3765,0.0810,0.0000
3766,0.0810,0.0000
3767,0.0810,0.0000
3768,0.0810,0.0000
3769,0.0810,0.0000
3770,0.0810,0.0000
3771,0.0810,0.0000
3772,0.0810,0.0000
3773,0.0810,0.0000
3774,0.0810,0.0000
3775,0.0810,0.0000
3776,0.0810,0.0000
3777,0.0810,0.0000
3778,0.0810,0.0000
3779,0.0810,0.0000
3780,0.0810,0.0000
3781,0.0810,0.0000
3782,0.0810,0.0000
3783,0.0810,0.0000
3784,0.0810,0.0000
3785,0.0810,0.0000
3786,0.0810,0.0000
3787,0.0810,0.0000
3788,0.0810,0.0000
3789,0.0810,0.0000
3790,0.0810,0.0000
3791,0.0810,0.0000
3792,0.0810,0.0000
3793,0.0810,0.0000
3794,0.0810,0.0000
3795,0.0810,0.0000
3796,0.0810,0.0000
3797,0.0810,0.0000
3798,0.0810,0.0000
3799,0.0810,0.0000
3800,0.0810,0.0000
3801,0.0810,0.0000
3802,0.0810,0.0000
3803,0.0810,0.0000
3804,0.0810,0.0000
3805,0.0810,0.0000
3806,0.0810,0.0000
3807,0.0810,0.0000
3808,0.0810,0.0000
3809,0.0810,0.0000
3810,0.0810,0.0000
3811,0.0810,0.0000
3812,0.0810,0.0000
3813,0.0810,0.0000
3814,0.0810,0.0000
3815,0.0810,0.0000
3816,0.0810,0.0000
3817,0.0810,0.0000
3818,0.0810,0.0000
3819,0.0810,0.0000
3820,0.0810,0.0000
3821,0.0810,0.0000
3822,0.0810,0.0000
3823,0.0810,0.0000
3824,0.0810,0.0000
3825,0.0810,0.0000
3826,0.0810,0.0000
3827,0.0810,0.0000
3828,0.0810,0.0000
3829,0.0810,0.0000
3830,0.0810,0.0000
3831,0.0810,0.0000
3832,0.0810,0.0000
3833,0.0810,0.0000
3834,0.0810,0.0000
3835,0.0810,0.0000
3836,0.0810,0.0000
3837,0.0810,0.0000
3838,0.0810,0.0000
3839,0.0810,0.0000
3840,0.0810,0.0000
3841,0.0810,0.0000
3842,0.0810,0.0000
3843,0.0810,0.0000
3844,0.0810,0.0000
3845,0.0810,0.0000
3846,0.0810,0.0000
3847,0.0810,0.0000
3848,0.0810,0.0000
3849,0.0810,0.0000
3850,0.0810,0.0000
3851,0.0810,0.0000
3852,0.0810,0.0000
3853,0.0810,0.0000
3854,0.0810,0.0000
3855,0.0810,0.0000
3856,0.0810,0.0000
3857,0.0810,0.0000
3858,0.0810,0.0000
3859,0.0810,0.0000
3860,0.0810,0.0000
3861,0.0810,0.0000
3862,0.0810,0.0000
3863,0.0810,0.0000
3864,0.0810,0.0000
3865,0.0810,0.0000
3866,0.0810,0.0000
3867,0.0810,0.0000
3868,0.0810,0.0000
3869,0.0810,0.0000
3870,0.0810,0.0000
3871,0.0810,0.0000
3872,0.0810,0.0000
3873,0.0810,0.0000
3874,0.0810,0.0000
3875,0.0810,0.0000
3876,0.0810,0.0000
3877,0.0810,0.0000
3878,0.0810,0.0000
3879,0.0810,0.0000
3880,0.0810,0.0000
3881,0.0810,0.0000
3882,0.0810,0.0000
3883,0.0810,0.0000
3884,0.0810,0.0000
3885,0.0810,0.0000
3886,0.0810,0.0000
3887,0.0810,0.0000
3888,0.0810,0.0000
3889,0.0810,0.0000
3890,0.0810,0.0000
3891,0.0810,0.0000
3892,0.0810,0.0000
3893,0.0810,0.0000
3894,0.0810,0.0000
3895,0.0810,0.0000
3896,0.0810,0.0000
3897,0.0810,0.0000
3898,0.0810,0.0000
3899,0.0810,0.0000
3900,0.0810,0.0000
3901,0.0810,0.0000
3902,0.0810,0.0000
3903,0.0810,0.0000
3904,0.0810,0.0000
3905,0.0810,0.0000
3906,0.0810,0.0000
3907,0.0810,0.0000
3908,0.0810,0.0000
3909,0.0810,0.0000
3910,0.0810,0.0000
3911,0.0810,0.0000
3912,0.0810,0.0000
3913,0.0810,0.0000
3914,0.0810,0.0000
3915,0.0810,0.0000
3916,0.0810,0.0000
3917,0.0810,0.0000
3918,0.0810,0.0000
3919,0.0810,0.0000
3920,0.0810,0.0000
3921,0.0810,0.0000
3922,0.0810,0.0000
3923,0.0810,0.0000
3924,0.0810,0.0000
3925,0.0810,0.0000
3926,0.0810,0.0000
3927,0.0810,0.0000
3928,0.0810,0.0000
3929,0.0810,0.0000
3930,0.0810,0.0000
3931,0.0810,0.0000
3932,0.0810,0.0000
3933,0.0810,0.0000
3934,0.0810,0.0000
3935,0.0810,0.0000
3936,0.0810,0.0000
3937,0.0810,0.0000
3938,0.0810,0.0000
3939,0.0810,0.0000
3940,0.0810,0.0000
3941,0.0810,0.0000
3942,0.0810,0.0000
3943,0.0810,0.0000
3944,0.0810,0.0000
3945,0.0810,0.0000
3946,0.0810,0.0000
3947,0.0810,0.0000
3948,0.0810,0.0000
3949,0.0810,0.0000
3950,0.0810,0.0000
3951,0.0810,0.0000
3952,0.0810,0.0000
3953,0.0810,0.0000
3954,0.0810,0.0000
3955,0.0810,0.0000
3956,0.0810,0.0000
3957,0.0810,0.0000
3958,0.0810,0.0000
3959,0.0810,0.0000
3960,0.0810,0.0000
3961,0.0810,0.0000
3962,0.0810,0.0000
3963,0.0810,0.0000
3964,0.0810,0.0000
3965,0.0810,0.0000
3966,0.0810,0.0000
3967,0.0810,0.0000
3968,0.0810,0.0000
3969,0.0810,0.0000
3970,0.0810,0.0000
3971,0.0810,0.0000
3972,0.0810,0.0000
3973,0.0810,0.0000
3974,0.0810,0.0000
3975,0.0810,0.0000
3976,0.0810,0.0000
3977,0.0810,0.0000
3978,0.0810,0.0000
3979,0.0810,0.0000
3980,0.0810,0.0000
3981,0.0810,0.0000
3982,0.0810,0.0000
3983,0.0810,0.0000
3984,0.0810,0.0000
3985,0.0810,0.0000
3986,0.0810,0.0000
3987,0.0810,0.0000
3988,0.0810,0.0000
3989,0.0810,0.0000
3990,0.0810,0.0000
3991,0.0810,0.0000
3992,0.0810,0.0000
3993,0.0810,0.0000
3994,0.0810,0.0000
3995,0.0810,0.0000
3996,0.0810,0.0000
3997,0.0810,0.0000
3998,0.0810,0.0000
3999,0.0810,0.0000
4000,0.0810,0.0000
4001,0.0810,0.0000
4002,0.0810,0.0000
4003,0.0810,0.0000
4004,0.0810,0.0000
4005,0.0810,0.0000
4006,0.0810,0.0000
4007,0.0810,0.0000
4008,0.0810,0.0000
4009,0.0810,0.0000
4010,0.0810,0.0000
4011,0.0810,0.0000
4012,0.0810,0.0000
4013,0.0810,0.0000
4014,0.0810,0.0000
4015,0.0810,0.0000
4016,0.0810,0.0000
4017,0.0810,0.0000
4018,0.0810,0.0000
4019,0.0810,0.0000
4020,0.0810,0.0000
4021,0.0810,0.0000
4022,0.0810,0.0000
4023,0.0810,0.0000
4024,0.0810,0.0000
4025,0.0810,0.0000
4026,0.0810,0.0000
4027,0.0810,0.0000
4028,0.0810,0.0000
4029,0.0810,0.0000
4030,0.0810,0.0000
4031,0.0810,0.0000
4032,0.0810,0.0000
4033,0.0810,0.0000
4034,0.0810,0.0000
4035,0.0810,0.0000
4036,0.0810,0.0000
4037,0.0810,0.0000
4038,0.0810,0.0000
4039,0.0810,0.0000
4040,0.0810,0.0000
4041,0.0810,0.0000
4042,0.0810,0.0000
4043,0.0810,0.0000
4044,0.0810,0.0000
4045,0.0810,0.0000
4046,0.0810,0.0000
4047,0.0810,0.0000
4048,0.0810,0.0000
4049,0.0810,0.0000
4050,0.0810,0.0000
4051,0.0810,0.0000
4052,0.0810,0.0000
4053,0.0810,0.0000
4054,0.0810,0.0000
4055,0.0810,0.0000
4056,0.0810,0.0000
4057,0.0810,0.0000
4058,0.0810,0.0000
4059,0.0810,0.0000
4060,0.0810,0.0000
4061,0.0810,0.0000
4062,0.0810,0.0000
4063,0.0810,0.0000
4064,0.0810,0.0000
4065,0.0810,0.0000
4066,0.0810,0.0000
4067,0.0810,0.0000
4068,0.0810,0.0000
4069,0.0810,0.0000
4070,0.0810,0.0000
4071,0.0810,0.0000
4072,0.0810,0.0000
4073,0.0810,0.0000
4074,0.0810,0.0000
4075,0.0810,0.0000
4076,0.0810,0.0000
4077,0.0810,0.0000
4078,0.0810,0.0000
4079,0.0810,0.0000
4080,0.0810,0.0000
4081,0.0810,0.0000
4082,0.0810,0.0000
4083,0.0810,0.0000
4084,0.0810,0.0000
4085,0.0810,0.0000
4086,0.0810,0.0000
4087,0.0810,0.0000
4088,0.0810,0.0000
4089,0.0810,0.0000
4090,0.0810,0.0000
4091,0.0810,0.0000
4092,0.0810,0.0000
4093,0.0810,0.0000
4094,0.0810,0.0000
4095,0.0810,0.0000
4096,0.0810,0.0000
4097,0.0810,0.0000
4098,0.0810,0.0000
4099,0.0810,0.0000
4100,0.0810,0.0000
4101,0.0810,0.0000
4102,0.0810,0.0000
4103,0.0810,0.0000
4104,0.0810,0.0000
4105,0.0810,0.0000
4106,0.0810,0.0000
4107,0.0810,0.0000
4108,0.0810,0.0000
4109,0.0810,0.0000
4110,0.0810,0.0000
4111,0.0810,0.0000
4112,0.0810,0.0000
4113,0.0810,0.0000
4114,0.0810,0.0000
4115,0.0810,0.0000
4116,0.0810,0.0000
4117,0.0810,0.0000
4118,0.0810,0.0000
4119,0.0810,0.0000
4120,0.0810,0.0000
4121,0.0810,0.0000
4122,0.0810,0.0000
4123,0.0810,0.0000
4124,0.0810,0.0000
4125,0.0810,0.0000
4126,0.0810,0.0000
4127,0.0810,0.0000
4128,0.0810,0.0000
4129,0.0810,0.0000
4130,0.0810,0.0000
4131,0.0810,0.0000
4132,0.0810,0.0000
4133,0.0810,0.0000
4134,0.0810,0.0000
4135,0.0810,0.0000
4136,0.0810,0.0000
4137,0.0810,0.0000
4138,0.0810,0.0000
4139,0.0810,0.0000
4140,0.0810,0.0000
4141,0.0810,0.0000
4142,0.0810,0.0000
4143,0.0810,0.0000
4144,0.0810,0.0000
4145,0.0810,0.0000
4146,0.0810,0.0000
4147,0.0810,0.0000
4148,0.0810,0.0000
4149,0.0810,0.0000
4150,0.0810,0.0000
4151,0.0810,0.0000
4152,0.0810,0.0000
4153,0.0810,0.0000
4154,0.0810,0.0000
4155,0.0810,0.0000
4156,0.0810,0.0000
4157,0.0810,0.0000
4158,0.0810,0.0000
4159,0.0810,0.0000
4160,0.0810,0.0000
4161,0.0810,0.0000
4162,0.0810,0.0000
4163,0.0810,0.0000
4164,0.0810,0.0000
4165,0.0810,0.0000
4166,0.0810,0.0000
4167,0.0810,0.0000
4168,0.0810,0.0000
4169,0.0810,0.0000
4170,0.0810,0.0000
4171,0.0810,0.0000
4172,0.0810,0.0000
4173,0.0810,0.0000
4174,0.0810,0.0000
4175,0.0810,0.0000
4176,0.0810,0.0000
4177,0.0810,0.0000
4178,0.0810,0.0000
4179,0.0810,0.0000
4180,0.0810,0.0000
4181,0.0810,0.0000
4182,0.0810,0.0000
4183,0.0810,0.0000
4184,0.0810,0.0000
4185,0.0810,0.0000
4186,0.0810,0.0000
4187,0.0810,0.0000
4188,0.0810,0.0000
4189,0.0810,0.0000
4190,0.0810,0.0000
4191,0.0810,0.0000
4192,0.0810,0.0000
4193,0.0810,0.0000
4194,0.0810,0.0000
4195,0.0810,0.0000
4196,0.0810,0.0000
4197,0.0810,0.0000
4198,0.0810,0.0000
4199,0.0810,0.0000
4200,0.0810,0.0000
4201,0.0810,0.0000
4202,0.0810,0.0000
4203,0.0810,0.0000
4204,0.0810,0.0000
4205,0.0810,0.0000
4206,0.0810,0.0000
4207,0.0810,0.0000
4208,0.0810,0.0000
4209,0.0810,0.0000
4210,0.0810,0.0000
4211,0.0810,0.0000
4212,0.0810,0.0000
4213,0.0810,0.0000
4214,0.0810,0.0000
4215,0.0810,0.0000
4216,0.0810,0.0000
4217,0.0810,0.0000
4218,0.0810,0.0000
4219,0.0810,0.0000
4220,0.0810,0.0000
4221,0.0810,0.0000
4222,0.0810,0.0000
4223,0.0810,0.0000
4224,0.0810,0.0000
4225,0.0810,0.0000
4226,0.0810,0.0000
4227,0.0810,0.0000
4228,0.0810,0.0000
4229,0.0810,0.0000
4230,0.0810,0.0000
4231,0.0810,0.0000
4232,0.0810,0.0000
4233,0.0810,0.0000
4234,0.0810,0.0000
4235,0.0810,0.0000
4236,0.0810,0.0000
4237,0.0810,0.0000
4238,0.0810,0.0000
4239,0.0810,0.0000
4240,0.0810,0.0000
4241,0.0810,0.0000
4242,0.0810,0.0000
4243,0.0810,0.0000
4244,0.0810,0.0000
4245,0.0810,0.0000
4246,0.0810,0.0000
4247,0.0810,0.0000
4248,0.0810,0.0000
4249,0.0810,0.0000
4250,0.0810,0.0000
4251,0.0810,0.0000
4252,0.0810,0.0000
4253,0.0810,0.0000
4254,0.0810,0.0000
4255,0.0810,0.0000
4256,0.0810,0.0000
4257,0.0810,0.0000
4258,0.0810,0.0000
4259,0.0810,0.0000
4260,0.0810,0.0000
4261,0.0810,0.0000
4262,0.0810,0.0000
4263,0.0810,0.0000
4264,0.0810,0.0000
4265,0.0810,0.0000
4266,0.0810,0.0000
4267,0.0810,0.0000
4268,0.0810,0.0000
4269,0.0810,0.0000
4270,0.0810,0.0000
4271,0.0810,0.0000
4272,0.0810,0.0000
4273,0.0810,0.0000
4274,0.0810,0.0000
4275,0.0810,0.0000
4276,0.0810,0.0000
4277,0.0810,0.0000
4278,0.0810,0.0000
4279,0.0810,0.0000
4280,0.0810,0.0000
4281,0.0810,0.0000
4282,0.0810,0.0000
4283,0.0810,0.0000
4284,0.0810,0.0000
4285,0.0810,0.0000
4286,0.0810,0.0000
4287,0.0810,0.0000
4288,0.0810,0.0000
4289,0.0810,0.0000
4290,0.0810,0.0000
4291,0.0810,0.0000
4292,0.0810,0.0000
4293,0.0810,0.0000
4294,0.0810,0.0000
4295,0.0810,0.0000
4296,0.0810,0.0000
4297,0.0810,0.0000
4298,0.0810,0.0000
4299,0.0810,0.0000
4300,0.0810,0.0000
4301,0.0810,0.0000
4302,0.0810,0.0000
4303,0.0810,0.0000
4304,0.0810,0.0000
4305,0.0810,0.0000
4306,0.0810,0.0000
4307,0.0810,0.0000
4308,0.0810,0.0000
4309,0.0810,0.0000
4310,0.0810,0.0000
4311,0.0810,0.0000
4312,0.0810,0.0000
4313,0.0810,0.0000
4314,0.0810,0.0000
4315,0.0810,0.0000
4316,0.0810,0.0000
4317,0.0810,0.0000
4318,0.0810,0.0000
4319,0.0810,0.0000
4320,0.0810,0.0000
4321,0.0810,0.0000
4322,0.0810,0.0000
4323,0.0810,0.0000
4324,0.0810,0.0000
4325,0.0810,0.0000
4326,0.0810,0.0000
4327,0.0810,0.0000
4328,0.0810,0.0000
4329,0.0810,0.0000
4330,0.0810,0.0000
4331,0.0810,0.0000
4332,0.0810,0.0000
4333,0.0810,0.0000
4334,0.0810,0.0000
4335,0.0810,0.0000
4336,0.0810,0.0000
4337,0.0810,0.0000
4338,0.0810,0.0000
4339,0.0810,0.0000
4340,0.0810,0.0000
4341,0.0810,0.0000
4342,0.0810,0.0000
4343,0.0810,0.0000
4344,0.0810,0.0000
4345,0.0810,0.0000
4346,0.0810,0.0000
4347,0.0810,0.0000
4348,0.0810,0.0000
4349,0.0810,0.0000
4350,0.0810,0.0000
4351,0.0810,0.0000
4352,0.0810,0.0000
4353,0.0810,0.0000
4354,0.0810,0.0000
4355,0.0810,0.0000
4356,0.0810,0.0000
4357,0.0810,0.0000
4358,0.0810,0.0000
4359,0.0810,0.0000
4360,0.0810,0.0000
4361,0.0810,0.0000
4362,0.0810,0.0000
4363,0.0810,0.0000
4364,0.0810,0.0000
4365,0.0810,0.0000
4366,0.0810,0.0000
4367,0.0810,0.0000
4368,0.0810,0.0000
4369,0.0810,0.0000
4370,0.0810,0.0000
4371,0.0810,0.0000
4372,0.0810,0.0000
4373,0.0810,0.0000
4374,0.0810,0.0000
4375,0.0810,0.0000
4376,0.0810,0.0000
4377,0.0810,0.0000
4378,0.0810,0.0000
4379,0.0810,0.0000
4380,0.0810,0.0000
4381,0.0810,0.0000
4382,0.0810,0.0000
4383,0.0810,0.0000
4384,0.0810,0.0000
4385,0.0810,0.0000
4386,0.0810,0.0000
4387,0.0810,0.0000
4388,0.0810,0.0000
4389,0.0810,0.0000
4390,0.0810,0.0000
4391,0.0810,0.0000
4392,0.0810,0.0000
4393,0.0810,0.0000
4394,0.0810,0.0000
4395,0.0810,0.0000
4396,0.0810,0.0000
4397,0.0810,0.0000
4398,0.0810,0.0000
4399,0.0810,0.0000
4400,0.0810,0.0000
4401,0.0810,0.0000
4402,0.0810,0.0000
4403,0.0810,0.0000
4404,0.0810,0.0000
4405,0.0810,0.0000
4406,0.0810,0.0000
4407,0.0810,0.0000
4408,0.0810,0.0000
4409,0.0810,0.0000
4410,0.0810,0.0000
4411,0.0810,0.0000
4412,0.0810,0.0000
4413,0.0810,0.0000
4414,0.0810,0.0000
4415,0.0810,0.0000
4416,0.0810,0.0000
4417,0.0810,0.0000
4418,0.0810,0.0000
4419,0.0810,0.0000
4420,0.0810,0.0000
4421,0.0810,0.0000
4422,0.0810,0.0000
4423,0.0810,0.0000
4424,0.0810,0.0000
4425,0.0810,0.0000
4426,0.0810,0.0000
4427,0.0810,0.0000
4428,0.0810,0.0000
4429,0.0810,0.0000
4430,0.0810,0.0000
4431,0.0810,0.0000
4432,0.0810,0.0000
4433,0.0810,0.0000
4434,0.0810,0.0000
4435,0.0810,0.0000
4436,0.0810,0.0000
4437,0.0810,0.0000
4438,0.0810,0.0000
4439,0.0810,0.0000
4440,0.0810,0.0000
4441,0.0810,0.0000
4442,0.0810,0.0000
4443,0.0810,0.0000
4444,0.0810,0.0000
4445,0.0810,0.0000
4446,0.0810,0.0000
4447,0.0810,0.0000
4448,0.0810,0.0000
4449,0.0810,0.0000
4450,0.0810,0.0000
4451,0.0810,0.0000
4452,0.0810,0.0000
4453,0.0810,0.0000
4454,0.0810,0.0000
4455,0.0810,0.0000
4456,0.0810,0.0000
4457,0.0810,0.0000
4458,0.0810,0.0000
4459,0.0810,0.0000
4460,0.0810,0.0000
4461,0.0810,0.0000
4462,0.0810,0.0000
4463,0.0810,0.0000
4464,0.0810,0.0000
4465,0.0810,0.0000
4466,0.0810,0.0000
4467,0.0810,0.0000
4468,0.0810,0.0000
4469,0.0810,0.0000
4470,0.0810,0.0000
4471,0.0810,0.0000
4472,0.0810,0.0000
4473,0.0810,0.0000
4474,0.0810,0.0000
4475,0.0810,0.0000
4476,0.0810,0.0000
4477,0.0810,0.0000
4478,0.0810,0.0000
4479,0.0810,0.0000
4480,0.0810,0.0000
4481,0.0810,0.0000
4482,0.0810,0.0000
4483,0.0810,0.0000
4484,0.0810,0.0000
4485,0.0810,0.0000
4486,0.0810,0.0000
4487,0.0810,0.0000
4488,0.0810,0.0000
4489,0.0810,0.0000
4490,0.0810,0.0000
4491,0.0810,0.0000
4492,0.0810,0.0000
4493,0.0810,0.0000
4494,0.0810,0.0000
4495,0.0810,0.0000
4496,0.0810,0.0000
4497,0.0810,0.0000
4498,0.0810,0.0000
4499,0.0810,0.0000
4500,0.0810,0.0000
4501,0.0810,0.0000
4502,0.0810,0.0000
4503,0.0810,0.0000
4504,0.0810,0.0000
4505,0.0810,0.0000
4506,0.0810,0.0000
4507,0.0810,0.0000
4508,0.0810,0.0000
4509,0.0810,0.0000
4510,0.0810,0.0000
4511,0.0810,0.0000
4512,0.0810,0.0000
4513,0.0810,0.0000
4514,0.0810,0.0000
4515,0.0810,0.0000
4516,0.0810,0.0000
4517,0.0810,0.0000
4518,0.0810,0.0000
4519,0.0810,0.0000
4520,0.0810,0.0000
4521,0.0810,0.0000
4522,0.0810,0.0000
4523,0.0810,0.0000
4524,0.0810,0.0000
4525,0.0810,0.0000
4526,0.0810,0.0000
4527,0.0810,0.0000
4528,0.0810,0.0000
4529,0.0810,0.0000
4530,0.0810,0.0000
4531,0.0810,0.0000
4532,0.0810,0.0000
4533,0.0810,0.0000
4534,0.0810,0.0000
4535,0.0810,0.0000
4536,0.0810,0.0000
4537,0.0810,0.0000
4538,0.0810,0.0000
4539,0.0810,0.0000
4540,0.0810,0.0000
4541,0.0810,0.0000
4542,0.0810,0.0000
4543,0.0810,0.0000
4544,0.0810,0.0000
4545,0.0810,0.0000
4546,0.0810,0.0000
4547,0.0810,0.0000
4548,0.0810,0.0000
4549,0.0810,0.0000
4550,0.0810,0.0000
4551,0.0810,0.0000
4552,0.0810,0.0000
4553,0.0810,0.0000
4554,0.0810,0.0000
4555,0.0810,0.0000
4556,0.0810,0.0000
4557,0.0810,0.0000
4558,0.0810,0.0000
4559,0.0810,0.0000
4560,0.0810,0.0000
4561,0.0810,0.0000
4562,0.0810,0.0000
4563,0.0810,0.0000
4564,0.0810,0.0000
4565,0.0810,0.0000
4566,0.0810,0.0000
4567,0.0810,0.0000
4568,0.0810,0.0000
4569,0.0810,0.0000
4570,0.0810,0.0000
4571,0.0810,0.0000
4572,0.0810,0.0000
4573,0.0810,0.0000
4574,0.0810,0.0000
4575,0.0810,0.0000
4576,0.0810,0.0000
4577,0.0810,0.0000
4578,0.0810,0.0000
4579,0.0810,0.0000
4580,0.0810,0.0000
4581,0.0810,0.0000
4582,0.0810,0.0000
4583,0.0810,0.0000
4584,0.0810,0.0000
4585,0.0810,0.0000
4586,0.0810,0.0000
4587,0.0810,0.0000
4588,0.0810,0.0000
4589,0.0810,0.0000
4590,0.0810,0.0000
4591,0.0810,0.0000
4592,0.0810,0.0000
4593,0.0810,0.0000
4594,0.0810,0.0000
4595,0.0810,0.0000
4596,0.0810,0.0000
4597,0.0810,0.0000
4598,0.0810,0.0000
4599,0.0810,0.0000
4600,0.0810,0.0000
4601,0.0810,0.0000
4602,0.0810,0.0000
4603,0.0810,0.0000
4604,0.0810,0.0000
4605,0.0810,0.0000
4606,0.0810,0.0000
4607,0.0810,0.0000
4608,0.0810,0.0000
4609,0.0810,0.0000
4610,0.0810,0.0000
4611,0.0810,0.0000
4612,0.0810,0.0000
4613,0.0810,0.0000
4614,0.0810,0.0000
4615,0.0810,0.0000
4616,0.0810,0.0000
4617,0.0810,0.0000
4618,0.0810,0.0000
4619,0.0810,0.0000
4620,0.0810,0.0000
4621,0.0810,0.0000
4622,0.0810,0.0000
4623,0.0810,0.0000
4624,0.0810,0.0000
4625,0.0810,0.0000
4626,0.0810,0.0000
4627,0.0810,0.0000
4628,0.0810,0.0000
4629,0.0810,0.0000
4630,0.0810,0.0000
4631,0.0810,0.0000
4632,0.0810,0.0000
4633,0.0810,0.0000
4634,0.0810,0.0000
4635,0.0810,0.0000
4636,0.0810,0.0000
4637,0.0810,0.0000
4638,0.0810,0.0000
4639,0.0810,0.0000
4640,0.0810,0.0000
4641,0.0810,0.0000
4642,0.0810,0.0000
4643,0.0810,0.0000
4644,0.0810,0.0000
4645,0.0810,0.0000
4646,0.0810,0.0000
4647,0.0810,0.0000
4648,0.0810,0.0000
4649,0.0810,0.0000
4650,0.0810,0.0000
4651,0.0810,0.0000
4652,0.0810,0.0000
4653,0.0810,0.0000
4654,0.0810,0.0000
4655,0.0810,0.0000
4656,0.0810,0.0000
4657,0.0810,0.0000
4658,0.0810,0.0000
4659,0.0810,0.0000
4660,0.0810,0.0000
4661,0.0810,0.0000
4662,0.0810,0.0000
4663,0.0810,0.0000
4664,0.0810,0.0000
4665,0.0810,0.0000
4666,0.0810,0.0000
4667,0.0810,0.0000
4668,0.0810,0.0000
4669,0.0810,0.0000
4670,0.0810,0.0000
4671,0.0810,0.0000
4672,0.0810,0.0000
4673,0.0810,0.0000
4674,0.0810,0.0000
4675,0.0810,0.0000
4676,0.0810,0.0000
4677,0.0810,0.0000
4678,0.0810,0.0000
4679,0.0810,0.0000
4680,0.0810,0.0000
4681,0.0810,0.0000
4682,0.0810,0.0000
4683,0.0810,0.0000
4684,0.0810,0.0000
4685,0.0810,0.0000
4686,0.0810,0.0000
4687,0.0810,0.0000
4688,0.0810,0.0000
4689,0.0810,0.0000
4690,0.0810,0.0000
4691,0.0810,0.0000
4692,0.0810,0.0000
4693,0.0810,0.0000
4694,0.0810,0.0000
4695,0.0810,0.0000
4696,0.0810,0.0000
4697,0.0810,0.0000
4698,0.0810,0.0000
4699,0.0810,0.0000
4700,0.0810,0.0000
4701,0.0810,0.0000
4702,0.0810,0.0000
4703,0.0810,0.0000
4704,0.0810,0.0000
4705,0.0810,0.0000
4706,0.0810,0.0000
4707,0.0810,0.0000
4708,0.0810,0.0000
4709,0.0810,0.0000
4710,0.0810,0.0000
4711,0.0810,0.0000
4712,0.0810,0.0000
4713,0.0810,0.0000
4714,0.0810,0.0000
4715,0.0810,0.0000
4716,0.0810,0.0000
4717,0.0810,0.0000
4718,0.0810,0.0000
4719,0.0810,0.0000
4720,0.0810,0.0000
4721,0.0810,0.0000
4722,0.0810,0.0000
4723,0.0810,0.0000
4724,0.0810,0.0000
4725,0.0810,0.0000
4726,0.0810,0.0000
4727,0.0810,0.0000
4728,0.0810,0.0000
4729,0.0810,0.0000
4730,0.0810,0.0000
4731,0.0810,0.0000
4732,0.0810,0.0000
4733,0.0810,0.0000
4734,0.0810,0.0000
4735,0.0810,0.0000
4736,0.0810,0.0000
4737,0.0810,0.0000
4738,0.0810,0.0000
4739,0.0810,0.0000
4740,0.0810,0.0000
4741,0.0810,0.0000
4742,0.0810,0.0000
4743,0.0810,0.0000
4744,0.0810,0.0000
4745,0.0810,0.0000
4746,0.0810,0.0000
4747,0.0810,0.0000
4748,0.0810,0.0000
4749,0.0810,0.0000
4750,0.0810,0.0000
4751,0.0810,0.0000
4752,0.0810,0.0000
4753,0.0810,0.0000
4754,0.0810,0.0000
4755,0.0810,0.0000
4756,0.0810,0.0000
4757,0.0810,0.0000
4758,0.0810,0.0000
4759,0.0810,0.0000
4760,0.0810,0.0000
4761,0.0810,0.0000
4762,0.0810,0.0000
4763,0.0810,0.0000
4764,0.0810,0.0000
4765,0.0810,0.0000
4766,0.0810,0.0000
4767,0.0810,0.0000
4768,0.0810,0.0000
4769,0.0810,0.0000
4770,0.0810,0.0000
4771,0.0810,0.0000
4772,0.0810,0.0000
4773,0.0810,0.0000
4774,0.0810,0.0000
4775,0.0810,0.0000
4776,0.0810,0.0000
4777,0.0810,0.0000
4778,0.0810,0.0000
4779,0.0810,0.0000
4780,0.0810,0.0000
4781,0.0810,0.0000
4782,0.0810,0.0000
4783,0.0810,0.0000
4784,0.0810,0.0000
4785,0.0810,0.0000
4786,0.0810,0.0000
4787,0.0810,0.0000
4788,0.0810,0.0000
4789,0.0810,0.0000
4790,0.0810,0.0000
4791,0.0810,0.0000
4792,0.0810,0.0000
4793,0.0810,0.0000
4794,0.0810,0.0000
4795,0.0810,0.0000
4796,0.0810,0.0000
4797,0.0810,0.0000
4798,0.0810,0.0000
4799,0.0810,0.0000
4800,0.0810,0.0000
4801,0.0810,0.0000
4802,0.0810,0.0000
4803,0.0810,0.0000
4804,0.0810,0.0000
4805,0.0810,0.0000
4806,0.0810,0.0000
4807,0.0810,0.0000
4808,0.0810,0.0000
4809,0.0810,0.0000
4810,0.0810,0.0000
4811,0.0810,0.0000
4812,0.0810,0.0000
4813,0.0810,0.0000
4814,0.0810,0.0000
4815,0.0810,0.0000
4816,0.0810,0.0000
4817,0.0810,0.0000
4818,0.0810,0.0000
4819,0.0810,0.0000
4820,0.0810,0.0000
4821,0.0810,0.0000
4822,0.0810,0.0000
4823,0.0810,0.0000
4824,0.0810,0.0000
4825,0.0810,0.0000
4826,0.0810,0.0000
4827,0.0810,0.0000
4828,0.0810,0.0000
4829,0.0810,0.0000
4830,0.0810,0.0000
4831,0.0810,0.0000
4832,0.0810,0.0000
4833,0.0810,0.0000
4834,0.0810,0.0000
4835,0.0810,0.0000
4836,0.0810,0.0000
4837,0.0810,0.0000
4838,0.0810,0.0000
4839,0.0810,0.0000
4840,0.0810,0.0000
4841,0.0810,0.0000
4842,0.0810,0.0000
4843,0.0810,0.0000
4844,0.0810,0.0000
4845,0.0810,0.0000
4846,0.0810,0.0000
4847,0.0810,0.0000
4848,0.0810,0.0000
4849,0.0810,0.0000
4850,0.0810,0.0000
4851,0.0810,0.0000
4852,0.0810,0.0000
4853,0.0810,0.0000
4854,0.0810,0.0000
4855,0.0810,0.0000
4856,0.0810,0.0000
4857,0.0810,0.0000
4858,0.0810,0.0000
4859,0.0810,0.0000
4860,0.0810,0.0000
4861,0.0810,0.0000
4862,0.0810,0.0000
4863,0.0810,0.0000
4864,0.0810,0.0000
4865,0.0810,0.0000
4866,0.0810,0.0000
4867,0.0810,0.0000
4868,0.0810,0.0000
4869,0.0810,0.0000
4870,0.0810,0.0000
4871,0.0810,0.0000
4872,0.0810,0.0000
4873,0.0810,0.0000
4874,0.0810,0.0000
4875,0.0810,0.0000
4876,0.0810,0.0000
4877,0.0810,0.0000
4878,0.0810,0.0000
4879,0.0810,0.0000
4880,0.0810,0.0000
4881,0.0810,0.0000
4882,0.0810,0.0000
4883,0.0810,0.0000
4884,0.0810,0.0000
4885,0.0810,0.0000
4886,0.0810,0.0000
4887,0.0810,0.0000
4888,0.0810,0.0000
4889,0.0810,0.0000
4890,0.0810,0.0000
4891,0.0810,0.0000
4892,0.0810,0.0000
4893,0.0810,0.0000
4894,0.0810,0.0000
4895,0.0810,0.0000
4896,0.0810,0.0000
4897,0.0810,0.0000
4898,0.0810,0.0000
4899,0.0810,0.0000
4900,0.0810,0.0000
4901,0.0810,0.0000
4902,0.0810,0.0000
4903,0.0810,0.0000
4904,0.0810,0.0000
4905,0.0810,0.0000
4906,0.0810,0.0000
4907,0.0810,0.0000
4908,0.0810,0.0000
4909,0.0810,0.0000
4910,0.0810,0.0000
4911,0.0810,0.0000
4912,0.0810,0.0000
4913,0.0810,0.0000
4914,0.0810,0.0000
4915,0.0810,0.0000
4916,0.0810,0.0000
4917,0.0810,0.0000
4918,0.0810,0.0000
4919,0.0810,0.0000
4920,0.0810,0.0000
4921,0.0810,0.0000
4922,0.0810,0.0000
4923,0.0810,0.0000
4924,0.0810,0.0000
4925,0.0810,0.0000
4926,0.0810,0.0000
4927,0.0810,0.0000
4928,0.0810,0.0000
4929,0.0810,0.0000
4930,0.0810,0.0000
4931,0.0810,0.0000
4932,0.0810,0.0000
4933,0.0810,0.0000
4934,0.0810,0.0000
4935,0.0810,0.0000
4936,0.0810,0.0000
4937,0.0810,0.0000
4938,0.0810,0.0000
4939,0.0810,0.0000
4940,0.0810,0.0000
4941,0.0810,0.0000
4942,0.0810,0.0000
4943,0.0810,0.0000
4944,0.0810,0.0000
4945,0.0810,0.0000
4946,0.0810,0.0000
4947,0.0810,0.0000
4948,0.0810,0.0000
4949,0.0810,0.0000
4950,0.0810,0.0000
4951,0.0810,0.0000
4952,0.0810,0.0000
4953,0.0810,0.0000
4954,0.0810,0.0000
4955,0.0810,0.0000
4956,0.0810,0.0000
4957,0.0810,0.0000
4958,0.0810,0.0000
4959,0.0810,0.0000
4960,0.0810,0.0000
4961,0.0810,0.0000
4962,0.0810,0.0000
4963,0.0810,0.0000
4964,0.0810,0.0000
4965,0.0810,0.0000
4966,0.0810,0.0000
4967,0.0810,0.0000
4968,0.0810,0.0000
4969,0.0810,0.0000
4970,0.0810,0.0000
4971,0.0810,0.0000
4972,0.0810,0.0000
4973,0.0810,0.0000
4974,0.0810,0.0000
4975,0.0810,0.0000
4976,0.0810,0.0000
4977,0.0810,0.0000
4978,0.0810,0.0000
4979,0.0810,0.0000
4980,0.0810,0.0000
4981,0.0810,0.0000
4982,0.0810,0.0000
4983,0.0810,0.0000
4984,0.0810,0.0000
4985,0.0810,0.0000
4986,0.0810,0.0000
4987,0.0810,0.0000
4988,0.0810,0.0000
4989,0.0810,0.0000
4990,0.0810,0.0000
4991,0.0810,0.0000
4992,0.0810,0.0000
4993,0.0810,0.0000
4994,0.0810,0.0000
4995,0.0810,0.0000
4996,0.0810,0.0000
4997,0.0810,0.0000
4998,0.0810,0.0000
4999,0.0810,0.0000
5000,0.0810,0.0000
5001,0.0810,0.0000
5002,0.0810,0.0000
5003,0.0810,0.0000
5004,0.0810,0.0000
5005,0.0810,0.0000
5006,0.0810,0.0000
5007,0.0810,0.0000
5008,0.0810,0.0000
5009,0.0810,0.0000
5010,0.0810,0.0000
5011,0.0810,0.0000
5012,0.0810,0.0000
5013,0.0810,0.0000
5014,0.0810,0.0000
5015,0.0810,0.0000
5016,0.0810,0.0000
5017,0.0810,0.0000
5018,0.0810,0.0000
5019,0.0810,0.0000
5020,0.0810,0.0000
5021,0.0810,0.0000
5022,0.0810,0.0000
5023,0.0810,0.0000
5024,0.0810,0.0000
5025,0.0810,0.0000
5026,0.0810,0.0000
5027,0.0810,0.0000
5028,0.0810,0.0000
5029,0.0810,0.0000
5030,0.0810,0.0000
5031,0.0810,0.0000
5032,0.0810,0.0000
5033,0.0810,0.0000
5034,0.0810,0.0000
5035,0.0810,0.0000
5036,0.0810,0.0000
5037,0.0810,0.0000
5038,0.0810,0.0000
5039,0.0810,0.0000
5040,0.0810,0.0000
5041,0.0810,0.0000
5042,0.0810,0.0000
5043,0.0810,0.0000
5044,0.0810,0.0000
5045,0.0810,0.0000
5046,0.0810,0.0000
5047,0.0810,0.0000
5048,0.0810,0.0000
5049,0.0810,0.0000
5050,0.0810,0.0000
5051,0.0810,0.0000
5052,0.0810,0.0000
5053,0.0810,0.0000
5054,0.0810,0.0000
5055,0.0810,0.0000
5056,0.0810,0.0000
5057,0.0810,0.0000
5058,0.0810,0.0000
5059,0.0810,0.0000
5060,0.0810,0.0000
5061,0.0810,0.0000
5062,0.0810,0.0000
5063,0.0810,0.0000
5064,0.0810,0.0000
5065,0.0810,0.0000
5066,0.0810,0.0000
5067,0.0810,0.0000
5068,0.0810,0.0000
5069,0.0810,0.0000
5070,0.0810,0.0000
5071,0.0810,0.0000
5072,0.0810,0.0000
5073,0.0810,0.0000
5074,0.0810,0.0000
5075,0.0810,0.0000
5076,0.0810,0.0000
5077,0.0810,0.0000
5078,0.0810,0.0000
5079,0.0810,0.0000
5080,0.0810,0.0000
5081,0.0810,0.0000
5082,0.0810,0.0000
5083,0.0810,0.0000
5084,0.0810,0.0000
5085,0.0810,0.0000
5086,0.0810,0.0000
5087,0.0810,0.0000
5088,0.0810,0.0000
5089,0.0810,0.0000
5090,0.0810,0.0000
5091,0.0810,0.0000
5092,0.0810,0.0000
5093,0.0810,0.0000
5094,0.0810,0.0000
5095,0.0810,0.0000
5096,0.0810,0.0000
5097,0.0810,0.0000
5098,0.0810,0.0000
5099,0.0810,0.0000
5100,0.0810,0.0000
5101,0.0810,0.0000
5102,0.0810,0.0000
5103,0.0810,0.0000
5104,0.0810,0.0000
5105,0.0810,0.0000
5106,0.0810,0.0000
5107,0.0810,0.0000
5108,0.0810,0.0000
5109,0.0810,0.0000
5110,0.0810,0.0000
5111,0.0810,0.0000
5112,0.0810,0.0000
5113,0.0810,0.0000
5114,0.0810,0.0000
5115,0.0810,0.0000
5116,0.0810,0.0000
5117,0.0810,0.0000
5118,0.0810,0.0000
5119,0.0810,0.0000
5120,0.0810,0.0000
5121,0.0810,0.0000
5122,0.0810,0.0000
5123,0.0810,0.0000
5124,0.0810,0.0000
5125,0.0810,0.0000
5126,0.0810,0.0000
5127,0.0810,0.0000
5128,0.0810,0.0000
5129,0.0810,0.0000
5130,0.0810,0.0000
5131,0.0810,0.0000
5132,0.0810,0.0000
5133,0.0810,0.0000
5134,0.0810,0.0000
5135,0.0810,0.0000
5136,0.0810,0.0000
5137,0.0810,0.0000
5138,0.0810,0.0000
5139,0.0810,0.0000
5140,0.0810,0.0000
5141,0.0810,0.0000
5142,0.0810,0.0000
5143,0.0810,0.0000
5144,0.0810,0.0000
5145,0.0810,0.0000
5146,0.0810,0.0000
5147,0.0810,0.0000
5148,0.0810,0.0000
5149,0.0810,0.0000
5150,0.0810,0.0000
5151,0.0810,0.0000
5152,0.0810,0.0000
5153,0.0810,0.0000
5154,0.0810,0.0000
5155,0.0810,0.0000
5156,0.0810,0.0000
5157,0.0810,0.0000
5158,0.0810,0.0000
5159,0.0810,0.0000
5160,0.0810,0.0000
5161,0.0810,0.0000
5162,0.0810,0.0000
5163,0.0810,0.0000
5164,0.0810,0.0000
5165,0.0810,0.0000
5166,0.0810,0.0000
5167,0.0810,0.0000
5168,0.0810,0.0000
5169,0.0810,0.0000
5170,0.0810,0.0000
5171,0.0810,0.0000
5172,0.0810,0.0000
5173,0.0810,0.0000
5174,0.0810,0.0000
5175,0.0810,0.0000
5176,0.0810,0.0000
5177,0.0810,0.0000
5178,0.0810,0.0000
5179,0.0810,0.0000
5180,0.0810,0.0000
5181,0.0810,0.0000
5182,0.0810,0.0000
5183,0.0810,0.0000
5184,0.0810,0.0000
5185,0.0810,0.0000
5186,0.0810,0.0000
5187,0.0810,0.0000
5188,0.0810,0.0000
5189,0.0810,0.0000
5190,0.0810,0.0000
5191,0.0810,0.0000
5192,0.0810,0.0000
5193,0.0810,0.0000
5194,0.0810,0.0000
5195,0.0810,0.0000
5196,0.0810,0.0000
5197,0.0810,0.0000
5198,0.0810,0.0000
5199,0.0810,0.0000
5200,0.0810,0.0000
5201,0.0810,0.0000
5202,0.0810,0.0000
5203,0.0810,0.0000
5204,0.0810,0.0000
5205,0.0810,0.0000
5206,0.0810,0.0000
5207,0.0810,0.0000
5208,0.0810,0.0000
5209,0.0810,0.0000
